Country,City/Town,Year,PM2.5,PM10,CO₂ emissions per capita,Renewables,pm25_normalized,pm10_normalized,co2_normalized,ren_normalized,risk_score,risk_category
India,Kanpur,2016,173,319,1.7504745,6.369765,1.0,1.0,0.17504745,0.7507226513779872,78.51540202755976,Very High Risk
India,Faridabad,2016,172,316,1.7504745,6.369765,1.0,1.0,0.17504745,0.7507226513779872,78.51540202755976,Very High Risk
India,Gaya,2016,149,275,1.7504745,6.369765,0.9933333333333333,1.0,0.17504745,0.7507226513779872,78.24873536089308,Very High Risk
India,Varanasi,2016,146,260,1.7504745,6.369765,0.9733333333333334,1.0,0.17504745,0.7507226513779872,77.44873536089308,Very High Risk
India,Patna,2016,144,266,1.7504745,6.369765,0.96,1.0,0.17504745,0.7507226513779872,76.91540202755975,Very High Risk
India,Delhi,2016,143,292,1.7504745,6.369765,0.9533333333333334,1.0,0.17504745,0.7507226513779872,76.64873536089308,Very High Risk
India,Lucknow,2016,138,255,1.7504745,6.369765,0.92,1.0,0.17504745,0.7507226513779872,75.31540202755976,Very High Risk
India,Agra,2016,131,194,1.7504745,6.369765,0.8733333333333333,0.776,0.17504745,0.7507226513779872,68.96873536089308,High Risk
India,Gurgaon,2016,120,124,1.7504745,6.369765,0.8,0.496,0.17504745,0.7507226513779872,60.435402027559746,High Risk
India,Muzaffarpur,2016,120,221,1.7504745,6.369765,0.8,0.884,0.17504745,0.7507226513779872,68.19540202755977,High Risk
Pakistan,Peshawar,2010,111,540,0.7403367,10.435932,0.74,1.0,0.07403367,0.5915266621682683,62.91120664336537,High Risk
Pakistan,Rawalpindi,2010,107,448,0.7403367,10.435932,0.7133333333333334,1.0,0.07403367,0.5915266621682683,61.84453997669871,High Risk
India,Jaipur,2016,105,193,1.7504745,6.369765,0.7,0.772,0.17504745,0.7507226513779872,61.95540202755975,High Risk
India,Patiala,2016,101,184,1.7504745,6.369765,0.6733333333333333,0.736,0.17504745,0.7507226513779872,60.16873536089308,High Risk
India,Jodhpur,2016,98,180,1.7504745,6.369765,0.6533333333333333,0.72,0.17504745,0.7507226513779872,59.048735360893076,High Risk
Bangladesh,Narayanganj,2015,94,205,0.48277447,0.7931762,0.6266666666666667,0.82,0.048277447,0.9690537160961454,61.81328992858959,High Risk
China,Baoding,2016,93,147,6.9428844,11.113145,0.62,0.588,0.69428844,0.565012848682329,61.746025773646586,High Risk
Qatar,Doha,2012,93,168,49.15157,0.007277364,0.62,0.672,1.0,0.9998227284401506,78.23645456880301,Very High Risk
China,Jinan,2014,90,192,7.187588,9.689675,0.6,0.768,0.7187588,0.6207436425135608,66.15004885027122,High Risk
China,Shijiazhuang,2015,89,147,7.0609546,10.27758,0.5933333333333334,0.588,0.70609546,0.5977263591515298,61.56976971636393,High Risk
Pakistan,Karachi,2009,88,290,0.76323503,10.193737,0.5866666666666667,1.0,0.076323503,0.6010089270645818,57.01331526795831,High Risk
China,Hengshui,2016,87,143,6.9428844,11.113145,0.58,0.572,0.69428844,0.565012848682329,59.826025773646585,High Risk
China,Xingtai,2016,87,186,6.9428844,11.113145,0.58,0.744,0.69428844,0.565012848682329,63.26602577364658,High Risk
China,Anyang,2016,86,155,6.9428844,11.113145,0.5733333333333334,0.62,0.69428844,0.565012848682329,60.51935910697992,High Risk
China,Liaocheng,2016,86,151,6.9428844,11.113145,0.5733333333333334,0.604,0.69428844,0.565012848682329,60.19935910697992,High Risk
China,Jiaozuo,2016,85,142,6.9428844,11.113145,0.5666666666666667,0.568,0.69428844,0.565012848682329,59.212692440313255,High Risk
Qatar,Al Wakrah,2012,85,152,49.15157,0.007277364,0.5666666666666667,0.608,1.0,0.9998227284401506,74.82312123546969,High Risk
Bangladesh,Khulna,2015,84,94,0.48277447,0.7931762,0.56,0.376,0.048277447,0.9690537160961454,50.2666232619229,High Risk
China,Xinxiang,2016,84,144,6.9428844,11.113145,0.56,0.576,0.69428844,0.565012848682329,59.106025773646586,High Risk
India,Nagpur,2016,84,86,1.7504745,6.369765,0.56,0.344,0.17504745,0.7507226513779872,47.79540202755975,Moderate Risk
China,Handan,2016,82,175,6.9428844,11.113145,0.5466666666666666,0.7,0.69428844,0.565012848682329,61.05269244031325,High Risk
China,Heze,2016,82,143,6.9428844,11.113145,0.5466666666666666,0.572,0.69428844,0.565012848682329,58.492692440313256,High Risk
China,Ji'ning,2015,82,140,7.0609546,10.27758,0.5466666666666666,0.56,0.70609546,0.5977263591515298,59.14310304969727,High Risk
China,Xianyang,2016,82,149,6.9428844,11.113145,0.5466666666666666,0.596,0.69428844,0.565012848682329,58.972692440313246,High Risk
Bangladesh,Gazipur,2015,81,143,0.48277447,0.7931762,0.54,0.572,0.048277447,0.9690537160961454,53.386623261922914,High Risk
China,Dezhou,2016,81,141,6.9428844,11.113145,0.54,0.564,0.69428844,0.565012848682329,58.06602577364659,High Risk
China,Zaozhuang,2016,81,141,6.9428844,11.113145,0.54,0.564,0.69428844,0.565012848682329,58.06602577364659,High Risk
Bangladesh,Barisal,2015,80,113,0.48277447,0.7931762,0.5333333333333333,0.452,0.048277447,0.9690537160961454,50.71995659525624,High Risk
China,Dongying,2015,79,136,7.0609546,10.27758,0.5266666666666666,0.544,0.70609546,0.5977263591515298,58.02310304969727,High Risk
China,Luoyang,2016,79,130,6.9428844,11.113145,0.5266666666666666,0.52,0.69428844,0.565012848682329,56.652692440313245,High Risk
Kuwait,Al-Ahmadi,2015,79,138,24.336504,0.0027495127,0.5266666666666666,0.552,1.0,1.0,72.10666666666667,High Risk
China,Shouguang,2014,78,117,7.187588,9.689675,0.52,0.468,0.7187588,0.6207436425135608,56.950048850271216,High Risk
China,Zhengzhou,2016,78,143,6.9428844,11.113145,0.52,0.572,0.69428844,0.565012848682329,57.426025773646586,High Risk
China,Luohe,2016,77,130,6.9428844,11.113145,0.5133333333333333,0.52,0.69428844,0.565012848682329,56.119359106979914,High Risk
China,Shangqiu,2016,77,127,6.9428844,11.113145,0.5133333333333333,0.508,0.69428844,0.565012848682329,55.87935910697992,High Risk
China,Weinan,2016,76,139,6.9428844,11.113145,0.5066666666666667,0.556,0.69428844,0.565012848682329,56.572692440313254,High Risk
China,Pingdingshan,2016,75,125,6.9428844,11.113145,0.5,0.5,0.69428844,0.565012848682329,55.186025773646584,High Risk
Saudi Arabia,Yanbu,2017,75,116,20.936852,0.005488546,0.5,0.464,1.0,0.9998927631069575,69.27785526213916,High Risk
China,Linfen,2016,74,158,6.9428844,11.113145,0.49333333333333335,0.632,0.69428844,0.565012848682329,57.559359106979926,High Risk
China,Tangshan,2016,74,127,6.9428844,11.113145,0.49333333333333335,0.508,0.69428844,0.565012848682329,55.07935910697992,High Risk
China,Urumqi,2016,74,115,6.9428844,11.113145,0.49333333333333335,0.46,0.69428844,0.565012848682329,54.11935910697993,High Risk
India,Kolkata,2016,74,136,1.7504745,6.369765,0.49333333333333335,0.544,0.17504745,0.7507226513779872,49.12873536089308,Moderate Risk
China,Beijing,2016,73,92,6.9428844,11.113145,0.4866666666666667,0.368,0.69428844,0.565012848682329,52.012692440313245,High Risk
China,Hebi,2016,73,128,6.9428844,11.113145,0.4866666666666667,0.512,0.69428844,0.565012848682329,54.892692440313255,High Risk
China,Jinan,2016,73,141,6.9428844,11.113145,0.4866666666666667,0.564,0.69428844,0.565012848682329,55.93269244031325,High Risk
China,Laiwu,2016,73,127,6.9428844,11.113145,0.4866666666666667,0.508,0.69428844,0.565012848682329,54.81269244031325,High Risk
China,Zigong,2016,73,99,6.9428844,11.113145,0.4866666666666667,0.396,0.69428844,0.565012848682329,52.572692440313254,High Risk
Saudi Arabia,Riyadh,2016,73,251,20.873049,0.0036253089,0.4866666666666667,1.0,1.0,0.9999657113831268,79.4659808943292,Very High Risk
China,Anshan,2015,72,115,7.0609546,10.27758,0.48,0.46,0.70609546,0.5977263591515298,54.4764363830306,High Risk
China,Kaifeng,2016,72,122,6.9428844,11.113145,0.48,0.488,0.69428844,0.565012848682329,54.14602577364659,High Risk
China,Xi'an,2016,71,137,6.9428844,11.113145,0.47333333333333333,0.548,0.69428844,0.565012848682329,55.07935910697992,High Risk
China,Binzhou,2016,70,123,6.9428844,11.113145,0.4666666666666667,0.492,0.69428844,0.565012848682329,53.69269244031325,High Risk
China,Yangquan,2014,70,105,7.187588,9.689675,0.4666666666666667,0.42,0.7187588,0.6207436425135608,53.85671551693788,High Risk
China,Cangzhou,2016,69,147,6.9428844,11.113145,0.46,0.588,0.69428844,0.565012848682329,55.34602577364659,High Risk
China,Puyang,2016,69,137,6.9428844,11.113145,0.46,0.548,0.69428844,0.565012848682329,54.54602577364659,High Risk
China,Tianjin,2016,69,103,6.9428844,11.113145,0.46,0.412,0.69428844,0.565012848682329,51.82602577364659,High Risk
China,Jiangyin,2014,68,102,7.187588,9.689675,0.4533333333333333,0.408,0.7187588,0.6207436425135608,53.083382183604556,High Risk
China,Weinan,2014,68,102,7.187588,9.689675,0.4533333333333333,0.408,0.7187588,0.6207436425135608,53.083382183604556,High Risk
China,Xuchang,2016,68,122,6.9428844,11.113145,0.4533333333333333,0.488,0.69428844,0.565012848682329,53.079359106979915,High Risk
China,Zhoukou,2016,68,113,6.9428844,11.113145,0.4533333333333333,0.452,0.69428844,0.565012848682329,52.359359106979916,High Risk
China,Zhumadian,2016,68,120,6.9428844,11.113145,0.4533333333333333,0.48,0.69428844,0.565012848682329,52.91935910697991,High Risk
Pakistan,Lahore,2010,68,198,0.7403367,10.435932,0.4533333333333333,0.792,0.07403367,0.5915266621682683,47.284539976698696,Moderate Risk
Chile,Comuna De Coyhaique,2016,67,85,4.6121125,19.341196,0.44666666666666666,0.34,0.46121125,0.2428734190393712,38.74836004745409,Moderate Risk
China,Changzhi,2014,67,101,7.187588,9.689675,0.44666666666666666,0.404,0.7187588,0.6207436425135608,52.736715516937885,High Risk
Bangladesh,Chittagong,2015,66,91,0.48277447,0.7931762,0.44,0.364,0.048277447,0.9690537160961454,45.22662326192291,Moderate Risk
China,Langfang,2016,66,112,6.9428844,11.113145,0.44,0.448,0.69428844,0.565012848682329,51.746025773646586,High Risk
China,Sanmenxia,2016,66,127,6.9428844,11.113145,0.44,0.508,0.69428844,0.565012848682329,52.94602577364659,High Risk
China,Taiyuan,2016,66,125,6.9428844,11.113145,0.44,0.5,0.69428844,0.565012848682329,52.786025773646585,High Risk
Iran,Hamedan,2013,66,149,7.5856357,1.4233078,0.44,0.596,0.75856357,0.9443832036960638,63.57893547392127,High Risk
Pakistan,Islamabad,2011,66,217,0.7336991,10.6061125,0.44,0.868,0.07336991000000001,0.5848638632616556,48.12467546523312,Moderate Risk
India,Ahmedabad,2015,65,120,1.6805544,6.3568044,0.43333333333333335,0.48,0.16805544,0.7512300765618893,45.319043664571126,Moderate Risk
Chile,Coyhaique,2014,64,75,4.3431134,19.519339,0.4266666666666667,0.3,0.43431134,0.23589887738729776,36.47087101441262,Moderate Risk
China,Jurong,2014,64,97,7.187588,9.689675,0.4266666666666667,0.388,0.7187588,0.6207436425135608,51.61671551693788,High Risk
China,Luzhou,2016,64,87,6.9428844,11.113145,0.4266666666666667,0.348,0.69428844,0.565012848682329,49.212692440313255,Moderate Risk
China,Xiangyang,2016,64,93,6.9428844,11.113145,0.4266666666666667,0.372,0.69428844,0.565012848682329,49.69269244031326,Moderate Risk
India,Mumbai,2016,64,104,1.7504745,6.369765,0.4266666666666667,0.416,0.17504745,0.7507226513779872,43.902068694226415,Moderate Risk
China,Chengdu,2016,63,105,6.9428844,11.113145,0.42,0.42,0.69428844,0.565012848682329,50.38602577364658,High Risk
China,Leshan,2016,63,93,6.9428844,11.113145,0.42,0.372,0.69428844,0.565012848682329,49.426025773646586,Moderate Risk
China,Nanyang,2016,63,119,6.9428844,11.113145,0.42,0.476,0.69428844,0.565012848682329,51.50602577364658,High Risk
China,Tai'an,2016,63,112,6.9428844,11.113145,0.42,0.448,0.69428844,0.565012848682329,50.94602577364659,High Risk
China,Xining,2014,63,120,7.187588,9.689675,0.42,0.48,0.7187588,0.6207436425135608,53.19004885027122,High Risk
China,Jincheng,2016,62,111,6.9428844,11.113145,0.41333333333333333,0.444,0.69428844,0.565012848682329,50.59935910697991,High Risk
China,Jinzhong,2016,62,109,6.9428844,11.113145,0.41333333333333333,0.436,0.69428844,0.565012848682329,50.43935910697992,High Risk
China,Yichang,2016,62,97,6.9428844,11.113145,0.41333333333333333,0.388,0.69428844,0.565012848682329,49.47935910697991,Moderate Risk
Bangladesh,Sylhet,2015,61,111,0.48277447,0.7931762,0.4066666666666667,0.444,0.048277447,0.9690537160961454,45.493289928589576,Moderate Risk
Iran,Qods,2016,61,140,7.6919622,1.3443363,0.4066666666666667,0.56,0.76919622,0.9474750457335097,61.80009198133687,High Risk
China,Ezhou,2016,60,100,6.9428844,11.113145,0.4,0.4,0.69428844,0.565012848682329,49.18602577364659,Moderate Risk
China,Fuyang,2014,60,90,7.187588,9.689675,0.4,0.36,0.7187588,0.6207436425135608,49.99004885027122,Moderate Risk
China,Jingzhou,2016,60,100,6.9428844,11.113145,0.4,0.4,0.69428844,0.565012848682329,49.18602577364659,Moderate Risk
China,Xuzhou,2016,60,118,6.9428844,11.113145,0.4,0.472,0.69428844,0.565012848682329,50.62602577364659,High Risk
China,Zhangjiagang,2014,60,91,7.187588,9.689675,0.4,0.364,0.7187588,0.6207436425135608,50.07004885027122,High Risk
India,Chandrapur,2016,60,109,1.7504745,6.369765,0.4,0.436,0.17504745,0.7507226513779872,43.23540202755974,Moderate Risk
South Africa,Hartebeespoort,2014,60,119,8.663356,0.81018883,0.4,0.476,0.8663356,0.9683876484058835,62.214464968117674,High Risk
China,Baoji,2016,59,111,6.9428844,11.113145,0.3933333333333333,0.444,0.69428844,0.565012848682329,49.799359106979914,Moderate Risk
China,Chuzhou,2016,59,77,6.9428844,11.113145,0.3933333333333333,0.308,0.69428844,0.565012848682329,47.079359106979915,Moderate Risk
China,Tongchuan,2016,59,104,6.9428844,11.113145,0.3933333333333333,0.416,0.69428844,0.565012848682329,49.23935910697992,Moderate Risk
China,Bozhou,2016,58,83,6.9428844,11.113145,0.38666666666666666,0.332,0.69428844,0.565012848682329,47.29269244031325,Moderate Risk
China,Jingmen,2016,58,99,6.9428844,11.113145,0.38666666666666666,0.396,0.69428844,0.565012848682329,48.57269244031325,Moderate Risk
China,Korla,2014,58,87,7.187588,9.689675,0.38666666666666666,0.348,0.7187588,0.6207436425135608,49.21671551693789,Moderate Risk
China,Lin'an,2014,58,87,7.187588,9.689675,0.38666666666666666,0.348,0.7187588,0.6207436425135608,49.21671551693789,Moderate Risk
China,Pingdu,2014,58,88,7.187588,9.689675,0.38666666666666666,0.352,0.7187588,0.6207436425135608,49.29671551693789,Moderate Risk
China,Wafangdian,2014,58,88,7.187588,9.689675,0.38666666666666666,0.352,0.7187588,0.6207436425135608,49.29671551693789,Moderate Risk
China,Xinyang,2016,58,96,6.9428844,11.113145,0.38666666666666666,0.384,0.69428844,0.565012848682329,48.33269244031325,Moderate Risk
China,Yibin,2015,58,82,7.0609546,10.27758,0.38666666666666666,0.328,0.70609546,0.5977263591515298,48.10310304969726,Moderate Risk
China,Yiwu,2014,58,88,7.187588,9.689675,0.38666666666666666,0.352,0.7187588,0.6207436425135608,49.29671551693789,Moderate Risk
China,Zhuji,2014,58,88,7.187588,9.689675,0.38666666666666666,0.352,0.7187588,0.6207436425135608,49.29671551693789,Moderate Risk
Iran,Ahvaz,2016,58,132,7.6919622,1.3443363,0.38666666666666666,0.528,0.76919622,0.9474750457335097,60.36009198133686,High Risk
Saudi Arabia,Jubail,2016,58,129,20.873049,0.0036253089,0.38666666666666666,0.516,1.0,0.9999657113831268,65.78598089432921,High Risk
Bangladesh,Dhaka,2016,57,104,0.5084272,0.7402721,0.38,0.416,0.050842719999999994,0.971124983836194,43.95935407672388,Moderate Risk
China,Hefei,2016,57,83,6.9428844,11.113145,0.38,0.332,0.69428844,0.565012848682329,47.02602577364659,Moderate Risk
China,Huangshi,2016,57,89,6.9428844,11.113145,0.38,0.356,0.69428844,0.565012848682329,47.506025773646584,Moderate Risk
China,Maanshan,2014,57,87,7.187588,9.689675,0.38,0.348,0.7187588,0.6207436425135608,48.95004885027122,Moderate Risk
China,Nanchong,2014,57,86,7.187588,9.689675,0.38,0.344,0.7187588,0.6207436425135608,48.87004885027122,Moderate Risk
China,Wuhan,2016,57,92,6.9428844,11.113145,0.38,0.368,0.69428844,0.565012848682329,47.746025773646586,Moderate Risk
China,Changde,2016,56,80,6.9428844,11.113145,0.37333333333333335,0.32,0.69428844,0.565012848682329,46.51935910697992,Moderate Risk
China,Dazhou,2016,56,86,6.9428844,11.113145,0.37333333333333335,0.344,0.69428844,0.565012848682329,46.999359106979924,Moderate Risk
China,Huainan,2016,56,85,6.9428844,11.113145,0.37333333333333335,0.34,0.69428844,0.565012848682329,46.91935910697992,Moderate Risk
China,Laixi,2014,56,84,7.187588,9.689675,0.37333333333333335,0.336,0.7187588,0.6207436425135608,48.443382183604555,Moderate Risk
China,Laizhou,2014,56,84,7.187588,9.689675,0.37333333333333335,0.336,0.7187588,0.6207436425135608,48.443382183604555,Moderate Risk
China,Linyi,2014,56,84,7.187588,9.689675,0.37333333333333335,0.336,0.7187588,0.6207436425135608,48.443382183604555,Moderate Risk
China,Suizhou,2016,56,88,6.9428844,11.113145,0.37333333333333335,0.352,0.69428844,0.565012848682329,47.15935910697991,Moderate Risk
China,Suqian,2016,56,120,6.9428844,11.113145,0.37333333333333335,0.48,0.69428844,0.565012848682329,49.71935910697992,Moderate Risk
China,Wujiang,2014,56,85,7.187588,9.689675,0.37333333333333335,0.34,0.7187588,0.6207436425135608,48.52338218360456,Moderate Risk
China,Xinzhou,2016,56,103,6.9428844,11.113145,0.37333333333333335,0.412,0.69428844,0.565012848682329,48.359359106979916,Moderate Risk
Iran,Genaveh,2016,56,129,7.6919622,1.3443363,0.37333333333333335,0.516,0.76919622,0.9474750457335097,59.58675864800354,High Risk
Saudi Arabia,Dammam,2016,56,161,20.873049,0.0036253089,0.37333333333333335,0.644,1.0,0.9999657113831268,67.81264756099587,High Risk
China,Deyang,2016,55,91,6.9428844,11.113145,0.36666666666666664,0.364,0.69428844,0.565012848682329,47.13269244031325,Moderate Risk
China,Jinzhou,2016,55,81,6.9428844,11.113145,0.36666666666666664,0.324,0.69428844,0.565012848682329,46.33269244031325,Moderate Risk
China,Rizhao,2016,55,101,6.9428844,11.113145,0.36666666666666664,0.404,0.69428844,0.565012848682329,47.932692440313254,Moderate Risk
China,Taian,2014,55,83,7.187588,9.689675,0.36666666666666664,0.332,0.7187588,0.6207436425135608,48.09671551693789,Moderate Risk
China,Yinchuan,2016,55,117,6.9428844,11.113145,0.36666666666666664,0.468,0.69428844,0.565012848682329,49.212692440313255,Moderate Risk
India,Panchkula,2016,55,101,1.7504745,6.369765,0.36666666666666664,0.404,0.17504745,0.7507226513779872,41.262068694226414,Moderate Risk
Iran,Asaluyeh,2016,55,126,7.6919622,1.3443363,0.36666666666666664,0.504,0.76919622,0.9474750457335097,59.08009198133686,High Risk
China,Anqing,2016,54,71,6.9428844,11.113145,0.36,0.284,0.69428844,0.565012848682329,45.266025773646575,Moderate Risk
China,Chongqing,2016,54,77,6.9428844,11.113145,0.36,0.308,0.69428844,0.565012848682329,45.74602577364658,Moderate Risk
China,Jining,2014,54,81,7.187588,9.689675,0.36,0.324,0.7187588,0.6207436425135608,47.670048850271215,Moderate Risk
China,Lanzhou,2016,54,132,6.9428844,11.113145,0.36,0.528,0.69428844,0.565012848682329,50.146025773646585,High Risk
China,Neijiang,2016,54,76,6.9428844,11.113145,0.36,0.304,0.69428844,0.565012848682329,45.66602577364658,Moderate Risk
China,Shaoyang,2016,54,77,6.9428844,11.113145,0.36,0.308,0.69428844,0.565012848682329,45.74602577364658,Moderate Risk
China,Shenyang,2016,54,94,6.9428844,11.113145,0.36,0.376,0.69428844,0.565012848682329,47.106025773646586,Moderate Risk
China,Taicang,2014,54,82,7.187588,9.689675,0.36,0.328,0.7187588,0.6207436425135608,47.75004885027122,Moderate Risk
China,Yixing,2014,54,81,7.187588,9.689675,0.36,0.324,0.7187588,0.6207436425135608,47.670048850271215,Moderate Risk
China,Zhaoyuan,2014,54,82,7.187588,9.689675,0.36,0.328,0.7187588,0.6207436425135608,47.75004885027122,Moderate Risk
China,Zibo,2014,54,82,7.187588,9.689675,0.36,0.328,0.7187588,0.6207436425135608,47.75004885027122,Moderate Risk
China,Changsha,2016,53,73,6.9428844,11.113145,0.35333333333333333,0.292,0.69428844,0.565012848682329,45.15935910697992,Moderate Risk
China,Huai'an,2016,53,92,6.9428844,11.113145,0.35333333333333333,0.368,0.69428844,0.565012848682329,46.679359106979916,Moderate Risk
China,Wuhu,2016,53,75,6.9428844,11.113145,0.35333333333333333,0.3,0.69428844,0.565012848682329,45.31935910697992,Moderate Risk
China,Wuxi,2016,53,82,6.9428844,11.113145,0.35333333333333333,0.328,0.69428844,0.565012848682329,45.87935910697992,Moderate Risk
China,Harbin,2016,52,74,6.9428844,11.113145,0.3466666666666667,0.296,0.69428844,0.565012848682329,44.97269244031325,Moderate Risk
China,Hengyang,2016,52,76,6.9428844,11.113145,0.3466666666666667,0.304,0.69428844,0.565012848682329,45.13269244031325,Moderate Risk
China,Jiaonan,2014,52,79,7.187588,9.689675,0.3466666666666667,0.316,0.7187588,0.6207436425135608,46.97671551693789,Moderate Risk
China,Jiaozhou,2014,52,79,7.187588,9.689675,0.3466666666666667,0.316,0.7187588,0.6207436425135608,46.97671551693789,Moderate Risk
China,Liyang,2014,52,78,7.187588,9.689675,0.3466666666666667,0.312,0.7187588,0.6207436425135608,46.896715516937896,Moderate Risk
China,Haimen,2014,51,77,7.187588,9.689675,0.34,0.308,0.7187588,0.6207436425135608,46.55004885027122,Moderate Risk
China,Huanggang,2016,51,75,6.9428844,11.113145,0.34,0.3,0.69428844,0.565012848682329,44.786025773646585,Moderate Risk
China,Jimo,2014,51,77,7.187588,9.689675,0.34,0.308,0.7187588,0.6207436425135608,46.55004885027122,Moderate Risk
China,Shiyan,2016,51,81,6.9428844,11.113145,0.34,0.324,0.69428844,0.565012848682329,45.26602577364659,Moderate Risk
China,"Taizhou, Jiangsu",2016,51,87,6.9428844,11.113145,0.34,0.348,0.69428844,0.565012848682329,45.74602577364658,Moderate Risk
China,Tongling,2016,51,78,6.9428844,11.113145,0.34,0.312,0.69428844,0.565012848682329,45.02602577364658,Moderate Risk
China,Xiangtan,2016,51,85,6.9428844,11.113145,0.34,0.34,0.69428844,0.565012848682329,45.58602577364659,Moderate Risk
China,Xuancheng,2016,51,68,6.9428844,11.113145,0.34,0.272,0.69428844,0.565012848682329,44.22602577364658,Moderate Risk
China,Yangzhou,2016,51,87,6.9428844,11.113145,0.34,0.348,0.69428844,0.565012848682329,45.74602577364658,Moderate Risk
China,Zhuzhou,2016,51,83,6.9428844,11.113145,0.34,0.332,0.69428844,0.565012848682329,45.426025773646586,Moderate Risk
Kuwait,Saad Al-Abdullah,2016,51,63,25.978886,0.026322374,0.34,0.252,1.0,0.9990770902982693,58.62154180596539,High Risk
China,Baishan,2016,50,81,6.9428844,11.113145,0.3333333333333333,0.324,0.69428844,0.565012848682329,44.99935910697992,Moderate Risk
China,Jiujiang,2016,50,74,6.9428844,11.113145,0.3333333333333333,0.296,0.69428844,0.565012848682329,44.439359106979914,Moderate Risk
China,Zhenjiang,2016,50,80,6.9428844,11.113145,0.3333333333333333,0.32,0.69428844,0.565012848682329,44.91935910697992,Moderate Risk
India,Pune,2016,50,89,1.7504745,6.369765,0.3333333333333333,0.356,0.17504745,0.7507226513779872,38.96873536089308,Moderate Risk
Iran,Zabol,2016,50,115,7.6919622,1.3443363,0.3333333333333333,0.46,0.76919622,0.9474750457335097,56.866758648003525,High Risk
Chile,Padre Las Casas,2016,49,64,4.6121125,19.341196,0.32666666666666666,0.256,0.46121125,0.2428734190393712,32.268360047454095,Moderate Risk
China,Changshu,2014,49,74,7.187588,9.689675,0.32666666666666666,0.296,0.7187588,0.6207436425135608,45.77671551693789,Moderate Risk
China,Changzhou,2016,49,81,6.9428844,11.113145,0.32666666666666666,0.324,0.69428844,0.565012848682329,44.73269244031325,Moderate Risk
China,Hangzhou,2016,49,105,6.9428844,11.113145,0.32666666666666666,0.42,0.69428844,0.565012848682329,46.652692440313245,Moderate Risk
China,Ma'anshan,2016,49,75,6.9428844,11.113145,0.32666666666666666,0.3,0.69428844,0.565012848682329,44.252692440313254,Moderate Risk
China,Mianyang,2016,49,78,6.9428844,11.113145,0.32666666666666666,0.312,0.69428844,0.565012848682329,44.492692440313256,Moderate Risk
China,Weifang,2014,49,73,7.187588,9.689675,0.32666666666666666,0.292,0.7187588,0.6207436425135608,45.69671551693789,Moderate Risk
China,Xi'ning,2016,49,113,6.9428844,11.113145,0.32666666666666666,0.452,0.69428844,0.565012848682329,47.29269244031325,Moderate Risk
China,Yueyang,2016,49,72,6.9428844,11.113145,0.32666666666666666,0.288,0.69428844,0.565012848682329,44.01269244031325,Moderate Risk
China,Ziyang,2016,49,95,6.9428844,11.113145,0.32666666666666666,0.38,0.69428844,0.565012848682329,45.852692440313255,Moderate Risk
India,Chennai,2016,49,80,1.7504745,6.369765,0.32666666666666666,0.32,0.17504745,0.7507226513779872,37.98206869422641,Moderate Risk
China,Baicheng,2016,48,75,6.9428844,11.113145,0.32,0.3,0.69428844,0.565012848682329,43.98602577364659,Moderate Risk
China,Enshi,2016,48,69,6.9428844,11.113145,0.32,0.276,0.69428844,0.565012848682329,43.506025773646584,Moderate Risk
China,Jintan,2014,48,72,7.187588,9.689675,0.32,0.288,0.7187588,0.6207436425135608,45.35004885027122,Moderate Risk
China,Nanjing,2016,48,85,6.9428844,11.113145,0.32,0.34,0.69428844,0.565012848682329,44.786025773646585,Moderate Risk
China,Rushan,2014,48,72,7.187588,9.689675,0.32,0.288,0.7187588,0.6207436425135608,45.35004885027122,Moderate Risk
China,Tieling,2016,48,83,6.9428844,11.113145,0.32,0.332,0.69428844,0.565012848682329,44.62602577364658,Moderate Risk
China,Wuzhong,2016,48,98,6.9428844,11.113145,0.32,0.392,0.69428844,0.565012848682329,45.826025773646585,Moderate Risk
China,Xianning,2016,48,77,6.9428844,11.113145,0.32,0.308,0.69428844,0.565012848682329,44.14602577364658,Moderate Risk
China,Yan'an,2014,48,73,7.187588,9.689675,0.32,0.292,0.7187588,0.6207436425135608,45.43004885027122,Moderate Risk
China,Zhangjiajie,2016,48,72,6.9428844,11.113145,0.32,0.288,0.69428844,0.565012848682329,43.74602577364658,Moderate Risk
Vietnam,Hanoi,2016,48,102,2.3513482,18.652882,0.32,0.408,0.23513482,0.2698218518304736,31.059133436609475,Moderate Risk
Bangladesh,Rajshahi,2015,47,86,0.48277447,0.7931762,0.31333333333333335,0.344,0.048277447,0.9690537160961454,39.75995659525624,Moderate Risk
China,Baotou,2016,47,105,6.9428844,11.113145,0.31333333333333335,0.42,0.69428844,0.565012848682329,46.11935910697992,Moderate Risk
China,Guilin,2016,47,64,6.9428844,11.113145,0.31333333333333335,0.256,0.69428844,0.565012848682329,42.83935910697992,Moderate Risk
China,Huludao,2016,47,87,6.9428844,11.113145,0.31333333333333335,0.348,0.69428844,0.565012848682329,44.67935910697992,Moderate Risk
China,Huzhou,2016,47,100,6.9428844,11.113145,0.31333333333333335,0.4,0.69428844,0.565012848682329,45.719359106979915,Moderate Risk
China,Liaoyang,2016,47,83,6.9428844,11.113145,0.31333333333333335,0.332,0.69428844,0.565012848682329,44.35935910697992,Moderate Risk
China,Shizuishan,2016,47,114,6.9428844,11.113145,0.31333333333333335,0.456,0.69428844,0.565012848682329,46.83935910697991,Moderate Risk
China,Zhangqiu,2014,47,71,7.187588,9.689675,0.31333333333333335,0.284,0.7187588,0.6207436425135608,45.00338218360456,Moderate Risk
China,Changchun,2016,46,78,6.9428844,11.113145,0.30666666666666664,0.312,0.69428844,0.565012848682329,43.69269244031325,Moderate Risk
China,Guang'an,2016,46,78,6.9428844,11.113145,0.30666666666666664,0.312,0.69428844,0.565012848682329,43.69269244031325,Moderate Risk
China,Haidong,2016,46,114,6.9428844,11.113145,0.30666666666666664,0.456,0.69428844,0.565012848682329,46.57269244031325,Moderate Risk
China,Jinhua,2016,46,98,6.9428844,11.113145,0.30666666666666664,0.392,0.69428844,0.565012848682329,45.29269244031325,Moderate Risk
China,Kunshan,2014,46,69,7.187588,9.689675,0.30666666666666664,0.276,0.7187588,0.6207436425135608,44.57671551693789,Moderate Risk
China,Lianyungang,2016,46,87,6.9428844,11.113145,0.30666666666666664,0.348,0.69428844,0.565012848682329,44.41269244031325,Moderate Risk
China,Liaoyuan,2016,46,63,6.9428844,11.113145,0.30666666666666664,0.252,0.69428844,0.565012848682329,42.49269244031325,Moderate Risk
China,Loudi,2016,46,71,6.9428844,11.113145,0.30666666666666664,0.284,0.69428844,0.565012848682329,43.13269244031325,Moderate Risk
China,Lu'an,2016,46,73,6.9428844,11.113145,0.30666666666666664,0.292,0.69428844,0.565012848682329,43.29269244031325,Moderate Risk
China,Nantong,2016,46,70,6.9428844,11.113145,0.30666666666666664,0.28,0.69428844,0.565012848682329,43.05269244031325,Moderate Risk
China,Penglai,2014,46,69,7.187588,9.689675,0.30666666666666664,0.276,0.7187588,0.6207436425135608,44.57671551693789,Moderate Risk
China,Qinhuangdao,2016,46,87,6.9428844,11.113145,0.30666666666666664,0.348,0.69428844,0.565012848682329,44.41269244031325,Moderate Risk
China,Siping,2016,46,77,6.9428844,11.113145,0.30666666666666664,0.308,0.69428844,0.565012848682329,43.61269244031325,Moderate Risk
China,Suzhou,2016,46,72,6.9428844,11.113145,0.30666666666666664,0.288,0.69428844,0.565012848682329,43.21269244031325,Moderate Risk
China,Wendeng,2014,46,69,7.187588,9.689675,0.30666666666666664,0.276,0.7187588,0.6207436425135608,44.57671551693789,Moderate Risk
China,Wuhai,2016,46,111,6.9428844,11.113145,0.30666666666666664,0.444,0.69428844,0.565012848682329,46.33269244031325,Moderate Risk
India,Bangalore,2016,46,96,1.7504745,6.369765,0.30666666666666664,0.384,0.17504745,0.7507226513779872,38.46206869422642,Moderate Risk
Iran,Baghershahr,2016,46,105,7.6919622,1.3443363,0.30666666666666664,0.42,0.76919622,0.9474750457335097,55.000091981336865,High Risk
Iran,Bushehr,2016,46,105,7.6919622,1.3443363,0.30666666666666664,0.42,0.76919622,0.9474750457335097,55.000091981336865,High Risk
Philippines,Quezon City,2016,46,98,1.1262923,13.798237,0.30666666666666664,0.392,0.11262923,0.4598878311758905,31.55700789018448,Moderate Risk
China,Benxi,2016,45,74,6.9428844,11.113145,0.3,0.296,0.69428844,0.565012848682329,43.106025773646586,Moderate Risk
China,Daqing,2015,45,62,7.0609546,10.27758,0.3,0.248,0.70609546,0.5977263591515298,43.0364363830306,Moderate Risk
China,Ganzhou,2016,45,68,6.9428844,11.113145,0.3,0.272,0.69428844,0.565012848682329,42.62602577364658,Moderate Risk
China,Huangnan,2016,45,86,6.9428844,11.113145,0.3,0.344,0.69428844,0.565012848682329,44.06602577364659,Moderate Risk
China,Qingdao,2016,45,85,6.9428844,11.113145,0.3,0.34,0.69428844,0.565012848682329,43.98602577364659,Moderate Risk
China,Shanghai,2016,45,59,6.9428844,11.113145,0.3,0.236,0.69428844,0.565012848682329,41.90602577364658,Moderate Risk
China,Shaoxing,2016,45,68,6.9428844,11.113145,0.3,0.272,0.69428844,0.565012848682329,42.62602577364658,Moderate Risk
China,Xiaogan,2016,45,78,6.9428844,11.113145,0.3,0.312,0.69428844,0.565012848682329,43.42602577364658,Moderate Risk
China,Yongzhou,2016,45,70,6.9428844,11.113145,0.3,0.28,0.69428844,0.565012848682329,42.786025773646585,Moderate Risk
Indonesia,Jakarta,2016,45,82,2.0707185,5.8097644,0.3,0.328,0.20707185,0.7726474393847357,38.154385787694714,Moderate Risk
Philippines,Navotas,2016,45,96,1.1262923,13.798237,0.3,0.384,0.11262923,0.4598878311758905,31.13034122351781,Moderate Risk
Chile,Osorno,2016,44,56,4.6121125,19.341196,0.29333333333333333,0.224,0.46121125,0.2428734190393712,30.295026714120766,Moderate Risk
China,Fushun,2016,44,78,6.9428844,11.113145,0.29333333333333333,0.312,0.69428844,0.565012848682329,43.15935910697992,Moderate Risk
China,Jiaxing,2016,44,94,6.9428844,11.113145,0.29333333333333333,0.376,0.69428844,0.565012848682329,44.439359106979914,Moderate Risk
China,Liuzhou,2016,44,66,6.9428844,11.113145,0.29333333333333333,0.264,0.69428844,0.565012848682329,42.19935910697992,Moderate Risk
China,Suining,2016,44,68,6.9428844,11.113145,0.29333333333333333,0.272,0.69428844,0.565012848682329,42.35935910697992,Moderate Risk
China,Xiangxi,2016,44,78,6.9428844,11.113145,0.29333333333333333,0.312,0.69428844,0.565012848682329,43.15935910697992,Moderate Risk
China,Yingkou,2016,44,73,6.9428844,11.113145,0.29333333333333333,0.292,0.69428844,0.565012848682329,42.75935910697992,Moderate Risk
China,Yiyang,2016,44,82,6.9428844,11.113145,0.29333333333333333,0.328,0.69428844,0.565012848682329,43.47935910697992,Moderate Risk
China,Zunyi,2016,44,69,6.9428844,11.113145,0.29333333333333333,0.276,0.69428844,0.565012848682329,42.43935910697992,Moderate Risk
India,Hyderabad,2016,44,84,1.7504745,6.369765,0.29333333333333333,0.336,0.17504745,0.7507226513779872,36.96873536089308,Moderate Risk
Iran,Dehloran,2016,44,100,7.6919622,1.3443363,0.29333333333333333,0.4,0.76919622,0.9474750457335097,54.066758648003535,High Risk
Iran,Mehran,2016,44,102,7.6919622,1.3443363,0.29333333333333333,0.408,0.76919622,0.9474750457335097,54.226758648003525,High Risk
China,Nanchang,2016,43,92,6.9428844,11.113145,0.2866666666666667,0.368,0.69428844,0.565012848682329,44.01269244031325,Moderate Risk
China,Quzhou,2016,43,92,6.9428844,11.113145,0.2866666666666667,0.368,0.69428844,0.565012848682329,44.01269244031325,Moderate Risk
China,Taizhou,2014,43,71,7.187588,9.689675,0.2866666666666667,0.284,0.7187588,0.6207436425135608,43.93671551693789,Moderate Risk
China,Yancheng,2016,43,92,6.9428844,11.113145,0.2866666666666667,0.368,0.69428844,0.565012848682329,44.01269244031325,Moderate Risk
China,Dandong,2016,42,71,6.9428844,11.113145,0.28,0.284,0.69428844,0.565012848682329,42.06602577364659,Moderate Risk
China,Datong,2014,42,63,7.187588,9.689675,0.28,0.252,0.7187588,0.6207436425135608,43.03004885027122,Moderate Risk
China,Huaihua,2016,42,79,6.9428844,11.113145,0.28,0.316,0.69428844,0.565012848682329,42.70602577364658,Moderate Risk
China,Jilin,2016,42,69,6.9428844,11.113145,0.28,0.276,0.69428844,0.565012848682329,41.90602577364658,Moderate Risk
China,Tianshui,2016,42,80,6.9428844,11.113145,0.28,0.32,0.69428844,0.565012848682329,42.786025773646585,Moderate Risk
China,Tonghua,2016,42,76,6.9428844,11.113145,0.28,0.304,0.69428844,0.565012848682329,42.466025773646585,Moderate Risk
China,Ya'an,2016,42,68,6.9428844,11.113145,0.28,0.272,0.69428844,0.565012848682329,41.826025773646585,Moderate Risk
Iran,Kangan,2016,42,96,7.6919622,1.3443363,0.28,0.384,0.76919622,0.9474750457335097,53.21342531467019,High Risk
Vietnam,Ho Chi Minh City,2016,42,90,2.3513482,18.652882,0.28,0.36,0.23513482,0.2698218518304736,28.49913343660947,Moderate Risk
Chile,Valdivia,2016,41,67,4.6121125,19.341196,0.2733333333333333,0.268,0.46121125,0.2428734190393712,30.375026714120757,Moderate Risk
China,Chenzhou,2016,41,70,6.9428844,11.113145,0.2733333333333333,0.28,0.69428844,0.565012848682329,41.719359106979915,Moderate Risk
China,Hohhot,2016,41,88,6.9428844,11.113145,0.2733333333333333,0.352,0.69428844,0.565012848682329,43.15935910697992,Moderate Risk
China,Pingliang,2016,41,80,6.9428844,11.113145,0.2733333333333333,0.32,0.69428844,0.565012848682329,42.51935910697991,Moderate Risk
China,Shangrao,2016,41,70,6.9428844,11.113145,0.2733333333333333,0.28,0.69428844,0.565012848682329,41.719359106979915,Moderate Risk
China,Yingtan,2016,41,59,6.9428844,11.113145,0.2733333333333333,0.236,0.69428844,0.565012848682329,40.83935910697992,Moderate Risk
Colombia,La Estrella,2014,41,47,1.9766101,25.307676,0.2733333333333333,0.188,0.19766101,0.009277581559011039,18.832105164513553,Low Risk
Croatia,Slavonski Brod,2016,41,63,4.370736,22.794458,0.2733333333333333,0.252,0.4370736,0.10767349732185894,26.868275279770515,Moderate Risk
India,Navi Mumbai,2016,41,67,1.7504745,6.369765,0.2733333333333333,0.268,0.17504745,0.7507226513779872,34.80873536089308,Moderate Risk
India,Udaipur,2016,41,98,1.7504745,6.369765,0.2733333333333333,0.392,0.17504745,0.7507226513779872,37.288735360893085,Moderate Risk
South Africa,Johannesburg,2011,41,85,8.949351,0.6918544,0.2733333333333333,0.34,0.8949351,0.9730206028913777,55.092447391160896,High Risk
China,Chengde,2016,40,81,6.9428844,11.113145,0.26666666666666666,0.324,0.69428844,0.565012848682329,42.33269244031325,Moderate Risk
China,Panjin,2016,40,67,6.9428844,11.113145,0.26666666666666666,0.268,0.69428844,0.565012848682329,41.21269244031325,Moderate Risk
India,Guwahati,2016,40,81,1.7504745,6.369765,0.26666666666666666,0.324,0.17504745,0.7507226513779872,35.66206869422641,Moderate Risk
North Macedonia,Skopje,2016,40,69,3.368327,17.240671,0.26666666666666666,0.276,0.3368327,0.32511184044083974,29.425557475483465,Moderate Risk
China,Baiyin,2016,39,95,6.9428844,11.113145,0.26,0.38,0.69428844,0.565012848682329,43.186025773646584,Moderate Risk
China,Dalian,2016,39,67,6.9428844,11.113145,0.26,0.268,0.69428844,0.565012848682329,40.94602577364659,Moderate Risk
China,Jieyang,2016,39,60,6.9428844,11.113145,0.26,0.24,0.69428844,0.565012848682329,40.38602577364658,Moderate Risk
China,Liupanshui,2016,39,68,6.9428844,11.113145,0.26,0.272,0.69428844,0.565012848682329,41.02602577364659,Moderate Risk
China,Ningbo,2016,39,62,6.9428844,11.113145,0.26,0.248,0.69428844,0.565012848682329,40.54602577364659,Moderate Risk
China,Shangluo,2016,39,72,6.9428844,11.113145,0.26,0.288,0.69428844,0.565012848682329,41.34602577364659,Moderate Risk
China,Wuwei,2016,39,97,6.9428844,11.113145,0.26,0.388,0.69428844,0.565012848682329,43.34602577364659,Moderate Risk
China,Yantai,2016,39,76,6.9428844,11.113145,0.26,0.304,0.69428844,0.565012848682329,41.66602577364659,Moderate Risk
China,Zhaoyang,2016,39,69,6.9428844,11.113145,0.26,0.276,0.69428844,0.565012848682329,41.10602577364658,Moderate Risk
India,Solapur,2016,39,71,1.7504745,6.369765,0.26,0.284,0.17504745,0.7507226513779872,34.59540202755974,Moderate Risk
Iran,Shahinshahr,2016,39,89,7.6919622,1.3443363,0.26,0.356,0.76919622,0.9474750457335097,51.8534253146702,High Risk
Peru,Lima,2016,39,58,1.7072773,23.559713,0.26,0.232,0.17072773000000002,0.0777127193403635,20.00880898680727,Low Risk
Turkey,Amasya,2016,39,57,4.9668326,13.98593,0.26,0.228,0.49668326,0.45253939398609,33.944453079721804,Moderate Risk
China,Foshan,2016,38,55,6.9428844,11.113145,0.25333333333333335,0.22,0.69428844,0.565012848682329,39.719359106979915,Moderate Risk
China,Gannan,2016,38,70,6.9428844,11.113145,0.25333333333333335,0.28,0.69428844,0.565012848682329,40.91935910697992,Moderate Risk
China,Guigang,2016,38,55,6.9428844,11.113145,0.25333333333333335,0.22,0.69428844,0.565012848682329,39.719359106979915,Moderate Risk
China,Rongcheng,2014,38,57,7.187588,9.689675,0.25333333333333335,0.228,0.7187588,0.6207436425135608,41.483382183604554,Moderate Risk
China,Wenzhou,2016,38,81,6.9428844,11.113145,0.25333333333333335,0.324,0.69428844,0.565012848682329,41.799359106979914,Moderate Risk
China,Zhangye,2016,38,90,6.9428844,11.113145,0.25333333333333335,0.36,0.69428844,0.565012848682329,42.51935910697991,Moderate Risk
India,Jabalpur,2016,38,79,1.7504745,6.369765,0.25333333333333335,0.316,0.17504745,0.7507226513779872,34.968735360893085,Moderate Risk
Iran,Shahre Ghods,2016,38,87,7.6919622,1.3443363,0.25333333333333335,0.348,0.76919622,0.9474750457335097,51.42675864800352,High Risk
Iran,Shahryar,2016,38,87,7.6919622,1.3443363,0.25333333333333335,0.348,0.76919622,0.9474750457335097,51.42675864800352,High Risk
China,Chifeng,2016,37,76,6.9428844,11.113145,0.24666666666666667,0.304,0.69428844,0.565012848682329,41.13269244031325,Moderate Risk
China,Guiyang,2016,37,63,6.9428844,11.113145,0.24666666666666667,0.252,0.69428844,0.565012848682329,40.09269244031325,Moderate Risk
China,Guoluo,2016,37,72,6.9428844,11.113145,0.24666666666666667,0.288,0.69428844,0.565012848682329,40.81269244031325,Moderate Risk
China,Mudanjiang,2016,37,68,6.9428844,11.113145,0.24666666666666667,0.272,0.69428844,0.565012848682329,40.49269244031325,Moderate Risk
China,Qinzhou,2016,37,79,6.9428844,11.113145,0.24666666666666667,0.316,0.69428844,0.565012848682329,41.37269244031325,Moderate Risk
China,Zhaoqing,2016,37,55,6.9428844,11.113145,0.24666666666666667,0.22,0.69428844,0.565012848682329,39.45269244031325,Moderate Risk
Iran,Lavan Island,2016,37,85,7.6919622,1.3443363,0.24666666666666667,0.34,0.76919622,0.9474750457335097,51.00009198133686,High Risk
Iran,Sari,2012,37,90,7.5503836,1.2841341,0.24666666666666667,0.36,0.75503836,0.9498320440519755,51.16407474770619,High Risk
China,Dingxi,2016,36,75,6.9428844,11.113145,0.24,0.3,0.69428844,0.565012848682329,40.786025773646585,Moderate Risk
China,Guangzhou,2016,36,56,6.9428844,11.113145,0.24,0.224,0.69428844,0.565012848682329,39.26602577364658,Moderate Risk
China,Nanning,2016,36,62,6.9428844,11.113145,0.24,0.248,0.69428844,0.565012848682329,39.746025773646586,Moderate Risk
China,Qingyuan,2016,36,52,6.9428844,11.113145,0.24,0.208,0.69428844,0.565012848682329,38.94602577364659,Moderate Risk
China,Qiqihar,2016,36,61,6.9428844,11.113145,0.24,0.244,0.69428844,0.565012848682329,39.66602577364659,Moderate Risk
China,"Taizhou, Zhejiang",2016,36,77,6.9428844,11.113145,0.24,0.308,0.69428844,0.565012848682329,40.94602577364659,Moderate Risk
Colombia,Medellin,2015,36,60,1.9379755,25.544643,0.24,0.24,0.19379755,0.0,18.275951000000003,Low Risk
Iran,Varamin,2016,36,83,7.6919622,1.3443363,0.24,0.332,0.76919622,0.9474750457335097,50.573425314670196,High Risk
Iran,Yazd,2016,36,83,7.6919622,1.3443363,0.24,0.332,0.76919622,0.9474750457335097,50.573425314670196,High Risk
Mexico,Monterrey,2011,36,86,4.1937428,5.6022654,0.24,0.344,0.41937428,0.7807713085138264,40.48291177027653,Moderate Risk
Pakistan,Faisalabad,2013,36,148,0.7020431,10.559191,0.24,0.592,0.07020431,0.5867009040442166,34.57810428088434,Moderate Risk
Chile,"El Bosque, Chile",2016,35,67,4.6121125,19.341196,0.23333333333333334,0.268,0.46121125,0.2428734190393712,28.775026714120767,Moderate Risk
Chile,Temuco,2016,35,52,4.6121125,19.341196,0.23333333333333334,0.208,0.46121125,0.2428734190393712,27.575026714120764,Moderate Risk
China,Dongguan,2016,35,49,6.9428844,11.113145,0.23333333333333334,0.196,0.69428844,0.565012848682329,38.43935910697992,Moderate Risk
China,Songyuan,2016,35,69,6.9428844,11.113145,0.23333333333333334,0.276,0.69428844,0.565012848682329,40.03935910697992,Moderate Risk
China,Weihai,2016,35,63,6.9428844,11.113145,0.23333333333333334,0.252,0.69428844,0.565012848682329,39.55935910697992,Moderate Risk
India,Thiruvananthapuram,2016,35,48,1.7504745,6.369765,0.23333333333333334,0.192,0.17504745,0.7507226513779872,31.688735360893084,Moderate Risk
Iran,Ghom,2016,35,81,7.6919622,1.3443363,0.23333333333333334,0.324,0.76919622,0.9474750457335097,50.146758648003534,High Risk
China,Hechi,2016,34,55,6.9428844,11.113145,0.22666666666666666,0.22,0.69428844,0.565012848682329,38.65269244031325,Moderate Risk
China,Jiangmen,2016,34,55,6.9428844,11.113145,0.22666666666666666,0.22,0.69428844,0.565012848682329,38.65269244031325,Moderate Risk
China,Nantou,2014,34,51,7.187588,9.689675,0.22666666666666666,0.204,0.7187588,0.6207436425135608,39.93671551693789,Moderate Risk
China,Shuangyashan,2016,34,55,6.9428844,11.113145,0.22666666666666666,0.22,0.69428844,0.565012848682329,38.65269244031325,Moderate Risk
China,Yunfu,2016,34,51,6.9428844,11.113145,0.22666666666666666,0.204,0.69428844,0.565012848682329,38.33269244031325,Moderate Risk
India,Vizag,2016,34,76,1.7504745,6.369765,0.22666666666666666,0.304,0.17504745,0.7507226513779872,33.66206869422641,Moderate Risk
Iran,"Ilam, Iran",2016,34,79,7.6919622,1.3443363,0.22666666666666666,0.316,0.76919622,0.9474750457335097,49.720091981336864,Moderate Risk
Philippines,Malabon,2015,34,73,1.0544406,14.374724,0.22666666666666666,0.292,0.10544405999999999,0.43731757810179317,25.761899428702534,Moderate Risk
Philippines,Pasig,2016,34,73,1.1262923,13.798237,0.22666666666666666,0.292,0.11262923,0.4598878311758905,26.35700789018448,Moderate Risk
South Africa,Vereeniging,2014,34,58,8.663356,0.81018883,0.22666666666666666,0.232,0.8663356,0.9683876484058835,50.401131634784335,High Risk
Chile,Cerro Navia,2016,33,62,4.6121125,19.341196,0.22,0.248,0.46121125,0.2428734190393712,27.841693380787426,Moderate Risk
Chile,Los Ángeles,2016,33,57,4.6121125,19.341196,0.22,0.228,0.46121125,0.2428734190393712,27.441693380787424,Moderate Risk
China,Chaozhou,2016,33,51,6.9428844,11.113145,0.22,0.204,0.69428844,0.565012848682329,38.06602577364659,Moderate Risk
China,Jiayuguan,2016,33,98,6.9428844,11.113145,0.22,0.392,0.69428844,0.565012848682329,41.826025773646585,Moderate Risk
China,Lishui,2016,33,70,6.9428844,11.113145,0.22,0.28,0.69428844,0.565012848682329,39.58602577364658,Moderate Risk
China,Shaoguan,2016,33,51,6.9428844,11.113145,0.22,0.204,0.69428844,0.565012848682329,38.06602577364659,Moderate Risk
China,Zhangzhou,2016,33,65,6.9428844,11.113145,0.22,0.26,0.69428844,0.565012848682329,39.186025773646584,Moderate Risk
Indonesia,Bandung,2014,33,59,1.9238018,4.707626,0.22,0.236,0.19238017999999998,0.8157976623918125,33.68355684783625,Moderate Risk
India,Tezpur,2016,33,52,1.7504745,6.369765,0.22,0.208,0.17504745,0.7507226513779872,31.475402027559745,Moderate Risk
Iran,Khorramabad,2016,33,75,7.6919622,1.3443363,0.22,0.3,0.76919622,0.9474750457335097,49.1334253146702,Moderate Risk
Iran,Pakdasht,2016,33,75,7.6919622,1.3443363,0.22,0.3,0.76919622,0.9474750457335097,49.1334253146702,Moderate Risk
Mexico,Toluca,2011,33,80,4.1937428,5.6022654,0.22,0.32,0.41937428,0.7807713085138264,39.20291177027653,Moderate Risk
Poland,Godów,2016,33,43,8.449371,5.877876,0.22,0.172,0.8449370999999999,0.7699807772583014,44.53835754516603,Moderate Risk
Poland,Pleszew,2016,33,38,8.449371,5.877876,0.22,0.152,0.8449370999999999,0.7699807772583014,44.13835754516603,Moderate Risk
Chile,Linares,2016,32,65,4.6121125,19.341196,0.21333333333333335,0.26,0.46121125,0.2428734190393712,27.815026714120762,Moderate Risk
Chile,Pudahuel,2016,32,69,4.6121125,19.341196,0.21333333333333335,0.276,0.46121125,0.2428734190393712,28.13502671412076,Moderate Risk
China,Changhua,2014,32,48,7.187588,9.689675,0.21333333333333335,0.192,0.7187588,0.6207436425135608,39.163382183604554,Moderate Risk
China,Haibei,2016,32,76,6.9428844,11.113145,0.21333333333333335,0.304,0.69428844,0.565012848682329,39.799359106979914,Moderate Risk
China,Heyuan,2016,32,46,6.9428844,11.113145,0.21333333333333335,0.184,0.69428844,0.565012848682329,37.399359106979915,Moderate Risk
China,Jinchang,2016,32,104,6.9428844,11.113145,0.21333333333333335,0.416,0.69428844,0.565012848682329,42.039359106979916,Moderate Risk
Taiwan,Kinmen,2014,32,48,11.799141,1.687575,0.21333333333333335,0.192,1.0,0.9340367820366281,51.0540689740659,High Risk
China,Panzhihua,2016,32,65,6.9428844,11.113145,0.21333333333333335,0.26,0.69428844,0.565012848682329,38.919359106979925,Moderate Risk
China,Qujing,2014,32,48,7.187588,9.689675,0.21333333333333335,0.192,0.7187588,0.6207436425135608,39.163382183604554,Moderate Risk
China,Zhangjiakou,2016,32,68,6.9428844,11.113145,0.21333333333333335,0.272,0.69428844,0.565012848682329,39.15935910697992,Moderate Risk
Iran,Abadan,2016,32,74,7.6919622,1.3443363,0.21333333333333335,0.296,0.76919622,0.9474750457335097,48.78675864800353,Moderate Risk
Iran,Asadabad,2016,32,73,7.6919622,1.3443363,0.21333333333333335,0.292,0.76919622,0.9474750457335097,48.706758648003536,Moderate Risk
Iran,Eslamshahr,2016,32,73,7.6919622,1.3443363,0.21333333333333335,0.292,0.76919622,0.9474750457335097,48.706758648003536,Moderate Risk
Iran,Kermanshah,2016,32,73,7.6919622,1.3443363,0.21333333333333335,0.292,0.76919622,0.9474750457335097,48.706758648003536,Moderate Risk
Iran,Savegbelagh,2016,32,72,7.6919622,1.3443363,0.21333333333333335,0.288,0.76919622,0.9474750457335097,48.62675864800353,Moderate Risk
Philippines,Caloocan,2015,32,68,1.0544406,14.374724,0.21333333333333335,0.272,0.10544405999999999,0.43731757810179317,24.828566095369197,Low Risk
Philippines,Pateros,2015,32,68,1.0544406,14.374724,0.21333333333333335,0.272,0.10544405999999999,0.43731757810179317,24.828566095369197,Low Risk
Poland,Gliwice,2016,32,46,8.449371,5.877876,0.21333333333333335,0.184,0.8449370999999999,0.7699807772583014,44.51169087849936,Moderate Risk
Turkey,Sakarya,2016,32,60,4.9668326,13.98593,0.21333333333333335,0.24,0.49668326,0.45253939398609,32.31778641305514,Moderate Risk
Chile,Cerrillos,2016,31,66,4.6121125,19.341196,0.20666666666666667,0.264,0.46121125,0.2428734190393712,27.62836004745409,Moderate Risk
China,Chiayi,2014,31,46,7.187588,9.689675,0.20666666666666667,0.184,0.7187588,0.6207436425135608,38.736715516937885,Moderate Risk
China,Hainan,2016,31,69,6.9428844,11.113145,0.20666666666666667,0.276,0.69428844,0.565012848682329,38.97269244031325,Moderate Risk
China,Yanbian,2016,31,49,6.9428844,11.113145,0.20666666666666667,0.196,0.69428844,0.565012848682329,37.37269244031325,Moderate Risk
China,Yangjiang,2016,31,44,6.9428844,11.113145,0.20666666666666667,0.176,0.69428844,0.565012848682329,36.972692440313246,Moderate Risk
China,Yunlin,2014,31,46,7.187588,9.689675,0.20666666666666667,0.184,0.7187588,0.6207436425135608,38.736715516937885,Moderate Risk
Iran,Arak,2016,31,71,7.6919622,1.3443363,0.20666666666666667,0.284,0.76919622,0.9474750457335097,48.28009198133686,Moderate Risk
Iran,Esfahan,2014,31,72,7.9044347,1.3490136,0.20666666666666667,0.288,0.79044347,0.9472919230530269,48.78137452772721,Moderate Risk
Iran,Nazarabad,2016,31,71,7.6919622,1.3443363,0.20666666666666667,0.284,0.76919622,0.9474750457335097,48.28009198133686,Moderate Risk
Philippines,Marikina,2016,31,66,1.1262923,13.798237,0.20666666666666667,0.264,0.11262923,0.4598878311758905,24.99700789018448,Low Risk
Poland,Kraków,2016,31,42,8.449371,5.877876,0.20666666666666667,0.168,0.8449370999999999,0.7699807772583014,43.9250242118327,Moderate Risk
Poland,Nowy Sącz,2016,31,41,8.449371,5.877876,0.20666666666666667,0.164,0.8449370999999999,0.7699807772583014,43.845024211832694,Moderate Risk
Turkey,Edirne,2016,31,55,4.9668326,13.98593,0.20666666666666667,0.22,0.49668326,0.45253939398609,31.651119746388467,Moderate Risk
South Africa,Mpumalanga,2013,31,61,8.343052,0.39710414,0.20666666666666667,0.244,0.8343052,0.9845604779655008,49.523980225976686,Moderate Risk
South Africa,Sebokeng,2014,31,42,8.663356,0.81018883,0.20666666666666667,0.168,0.8663356,0.9683876484058835,48.321131634784344,Moderate Risk
Chile,Quilicura,2015,30,89,4.5312576,21.000135,0.2,0.356,0.45312576,0.17792369239420835,27.740989047884167,Moderate Risk
China,Bijie,2016,30,44,6.9428844,11.113145,0.2,0.176,0.69428844,0.565012848682329,36.70602577364659,Moderate Risk
Taiwan,Kaohsiung,2014,30,46,11.799141,1.687575,0.2,0.184,1.0,0.9340367820366281,50.36073564073257,High Risk
China,Karamay,2016,30,55,6.9428844,11.113145,0.2,0.22,0.69428844,0.565012848682329,37.58602577364659,Moderate Risk
China,Maoming,2016,30,47,6.9428844,11.113145,0.2,0.188,0.69428844,0.565012848682329,36.94602577364658,Moderate Risk
China,Shantou,2016,30,48,6.9428844,11.113145,0.2,0.192,0.69428844,0.565012848682329,37.02602577364659,Moderate Risk
China,Yuxi,2014,30,46,7.187588,9.689675,0.2,0.184,0.7187588,0.6207436425135608,38.47004885027122,Moderate Risk
China,Zhongshan,2016,30,44,6.9428844,11.113145,0.2,0.176,0.69428844,0.565012848682329,36.70602577364659,Moderate Risk
Colombia,Caldas,2015,30,69,1.9379755,25.544643,0.2,0.276,0.19379755,0.0,17.395951,Low Risk
Croatia,Velika Gorica,2016,30,46,4.370736,22.794458,0.2,0.184,0.4370736,0.10767349732185894,22.57494194643718,Low Risk
Iran,Isfahan,2016,30,68,7.6919622,1.3443363,0.2,0.272,0.76919622,0.9474750457335097,47.77342531467019,Moderate Risk
Iran,Karaj,2016,30,68,7.6919622,1.3443363,0.2,0.272,0.76919622,0.9474750457335097,47.77342531467019,Moderate Risk
Iran,Mashhad,2016,30,69,7.6919622,1.3443363,0.2,0.276,0.76919622,0.9474750457335097,47.8534253146702,Moderate Risk
Italy,Padova,2016,30,37,5.9216995,16.411886,0.2,0.148,0.59216995,0.35755990465393694,29.95459709307874,Moderate Risk
Poland,Katowice,2016,30,41,8.449371,5.877876,0.2,0.164,0.8449370999999999,0.7699807772583014,43.57835754516603,Moderate Risk
Turkey,Corum,2016,30,64,4.9668326,13.98593,0.2,0.256,0.49668326,0.45253939398609,32.1044530797218,Moderate Risk
South Africa,Zamdela,2014,30,56,8.663356,0.81018883,0.2,0.224,0.8663356,0.9683876484058835,49.17446496811767,Moderate Risk
Bulgaria,Pernik,2014,29,44,6.253115,9.633595,0.19333333333333333,0.176,0.6253115,0.6229392510743703,36.21834835482074,Moderate Risk
Bulgaria,Plovdiv,2015,29,41,6.7052627,10.786984,0.19333333333333333,0.164,0.67052627,0.5777824971096147,35.97950867552563,Moderate Risk
Chile,Independencia,2016,29,62,4.6121125,19.341196,0.19333333333333333,0.248,0.46121125,0.2428734190393712,26.775026714120763,Moderate Risk
Chile,La Florida,2016,29,65,4.6121125,19.341196,0.19333333333333333,0.26,0.46121125,0.2428734190393712,27.01502671412076,Moderate Risk
Chile,Santiago,2016,29,67,4.6121125,19.341196,0.19333333333333333,0.268,0.46121125,0.2428734190393712,27.175026714120765,Moderate Risk
China,Fangchenggang,2016,29,45,6.9428844,11.113145,0.19333333333333333,0.18,0.69428844,0.565012848682329,36.51935910697992,Moderate Risk
China,Putian,2016,29,43,6.9428844,11.113145,0.19333333333333333,0.172,0.69428844,0.565012848682329,36.359359106979916,Moderate Risk
Taiwan,Taichung,2014,29,44,11.799141,1.687575,0.19333333333333333,0.176,1.0,0.9340367820366281,49.934068974065895,Moderate Risk
Taiwan,Tainan,2014,29,44,11.799141,1.687575,0.19333333333333333,0.176,1.0,0.9340367820366281,49.934068974065895,Moderate Risk
Iran,Najafabad,2016,29,67,7.6919622,1.3443363,0.19333333333333333,0.268,0.76919622,0.9474750457335097,47.42675864800353,Moderate Risk
Iran,Yasuj,2016,29,66,7.6919622,1.3443363,0.19333333333333333,0.264,0.76919622,0.9474750457335097,47.34675864800353,Moderate Risk
Israel,Gvar'am,2015,29,69,7.815259,1.2694155,0.19333333333333333,0.276,0.7815259,0.9504082973359115,47.89201728005156,Moderate Risk
Italy,Casirate d'Adda,2013,29,37,6.0912943,16.959805,0.19333333333333333,0.148,0.6091294300000001,0.3361081277810737,29.59808448895481,Moderate Risk
Italy,Monza,2016,29,35,5.9216995,16.411886,0.19333333333333333,0.14,0.59216995,0.35755990465393694,29.527930426412073,Moderate Risk
Morocco,Meknes,2008,29,47,1.6253583,1.7804509,0.19333333333333333,0.188,0.16253583,0.9304005637567977,33.35206120846929,Moderate Risk
Philippines,Manila,2016,29,118,1.1262923,13.798237,0.19333333333333333,0.472,0.11262923,0.4598878311758905,28.623674556851146,Moderate Risk
Poland,Bochnia,2016,29,35,8.449371,5.877876,0.19333333333333333,0.14,0.8449370999999999,0.7699807772583014,42.83169087849936,Moderate Risk
Poland,Piotrków Trybunalski,2016,29,38,8.449371,5.877876,0.19333333333333333,0.152,0.8449370999999999,0.7699807772583014,43.07169087849936,Moderate Risk
Poland,Żory,2016,29,42,8.449371,5.877876,0.19333333333333333,0.168,0.8449370999999999,0.7699807772583014,43.39169087849936,Moderate Risk
Chile,Curico,2016,28,47,4.6121125,19.341196,0.18666666666666668,0.188,0.46121125,0.2428734190393712,25.308360047454094,Moderate Risk
Chile,Rancagua,2016,28,68,4.6121125,19.341196,0.18666666666666668,0.272,0.46121125,0.2428734190393712,26.988360047454098,Moderate Risk
China,Eerduosi,2014,28,42,7.187588,9.689675,0.18666666666666668,0.168,0.7187588,0.6207436425135608,37.61671551693789,Moderate Risk
China,Guangyuan,2016,28,70,6.9428844,11.113145,0.18666666666666668,0.28,0.69428844,0.565012848682329,38.252692440313254,Moderate Risk
China,Huangshan,2016,28,45,6.9428844,11.113145,0.18666666666666668,0.18,0.69428844,0.565012848682329,36.25269244031325,Moderate Risk
China,Jixi,2016,28,53,6.9428844,11.113145,0.18666666666666668,0.212,0.69428844,0.565012848682329,36.892692440313255,Moderate Risk
China,Kunming,2016,28,55,6.9428844,11.113145,0.18666666666666668,0.22,0.69428844,0.565012848682329,37.05269244031325,Moderate Risk
China,Lincang,2016,28,44,6.9428844,11.113145,0.18666666666666668,0.176,0.69428844,0.565012848682329,36.17269244031325,Moderate Risk
China,Meizhou,2016,28,46,6.9428844,11.113145,0.18666666666666668,0.184,0.69428844,0.565012848682329,36.33269244031325,Moderate Risk
China,Qiandongnan,2016,28,45,6.9428844,11.113145,0.18666666666666668,0.18,0.69428844,0.565012848682329,36.25269244031325,Moderate Risk
China,Quanzhou,2016,28,48,6.9428844,11.113145,0.18666666666666668,0.192,0.69428844,0.565012848682329,36.49269244031325,Moderate Risk
China,Xiamen,2016,28,47,6.9428844,11.113145,0.18666666666666668,0.188,0.69428844,0.565012848682329,36.41269244031326,Moderate Risk
Iran,Bojnord,2016,28,64,7.6919622,1.3443363,0.18666666666666668,0.256,0.76919622,0.9474750457335097,46.92009198133687,Moderate Risk
Iran,Khomeyni Shahr,2016,28,64,7.6919622,1.3443363,0.18666666666666668,0.256,0.76919622,0.9474750457335097,46.92009198133687,Moderate Risk
Iran,Mobarakeh,2016,28,65,7.6919622,1.3443363,0.18666666666666668,0.26,0.76919622,0.9474750457335097,47.000091981336865,Moderate Risk
Iran,Robatkarim,2016,28,63,7.6919622,1.3443363,0.18666666666666668,0.252,0.76919622,0.9474750457335097,46.84009198133686,Moderate Risk
Iran,Sanandaj,2016,28,64,7.6919622,1.3443363,0.18666666666666668,0.256,0.76919622,0.9474750457335097,46.92009198133687,Moderate Risk
Iran,Tehran,2016,28,72,7.6919622,1.3443363,0.18666666666666668,0.288,0.76919622,0.9474750457335097,47.56009198133686,Moderate Risk
Israel,Jerusalem,2015,28,66,7.815259,1.2694155,0.18666666666666668,0.264,0.7815259,0.9504082973359115,47.385350613384894,Moderate Risk
Italy,Soresina,2016,28,39,5.9216995,16.411886,0.18666666666666668,0.156,0.59216995,0.35755990465393694,29.5812637597454,Moderate Risk
Poland,Bielsko-Biała,2016,28,36,8.449371,5.877876,0.18666666666666668,0.144,0.8449370999999999,0.7699807772583014,42.6450242118327,Moderate Risk
Poland,Tarnowskie Góry,2016,28,38,8.449371,5.877876,0.18666666666666668,0.152,0.8449370999999999,0.7699807772583014,42.805024211832695,Moderate Risk
Thailand,Bangkok,2015,28,41,3.9282057,4.201601,0.18666666666666668,0.164,0.39282057,0.835609231970693,35.31526270608053,Moderate Risk
Bulgaria,Ruse,2015,27,41,6.7052627,10.786984,0.18,0.164,0.67052627,0.5777824971096147,35.4461753421923,Moderate Risk
Chile,Puerto Montt,2016,27,55,4.6121125,19.341196,0.18,0.22,0.46121125,0.2428734190393712,25.68169338078743,Moderate Risk
China,Anshun,2016,27,38,6.9428844,11.113145,0.18,0.152,0.69428844,0.565012848682329,35.42602577364658,Moderate Risk
China,Fuzhou,2016,27,50,6.9428844,11.113145,0.18,0.2,0.69428844,0.565012848682329,36.38602577364659,Moderate Risk
China,Haixi,2016,27,65,6.9428844,11.113145,0.18,0.26,0.69428844,0.565012848682329,37.58602577364658,Moderate Risk
China,Huizhou,2016,27,45,6.9428844,11.113145,0.18,0.18,0.69428844,0.565012848682329,35.98602577364658,Moderate Risk
China,Ningde,2016,27,46,6.9428844,11.113145,0.18,0.184,0.69428844,0.565012848682329,36.06602577364658,Moderate Risk
China,Shenzhen,2016,27,42,6.9428844,11.113145,0.18,0.168,0.69428844,0.565012848682329,35.746025773646586,Moderate Risk
India,Aizawl,2016,27,44,1.7504745,6.369765,0.18,0.176,0.17504745,0.7507226513779872,29.235402027559743,Moderate Risk
Iran,Hamadan,2016,27,61,7.6919622,1.3443363,0.18,0.244,0.76919622,0.9474750457335097,46.4134253146702,Moderate Risk
Iran,Pol-e Dokhtar,2016,27,62,7.6919622,1.3443363,0.18,0.248,0.76919622,0.9474750457335097,46.4934253146702,Moderate Risk
Israel,Bnei Brak,2015,27,65,7.815259,1.2694155,0.18,0.26,0.7815259,0.9504082973359115,47.03868394671824,Moderate Risk
Italy,Cassino,2016,27,35,5.9216995,16.411886,0.18,0.14,0.59216995,0.35755990465393694,28.99459709307874,Moderate Risk
Italy,Dalmine,2016,27,31,5.9216995,16.411886,0.18,0.124,0.59216995,0.35755990465393694,28.674597093078734,Moderate Risk
Italy,Milan,2016,27,36,5.9216995,16.411886,0.18,0.144,0.59216995,0.35755990465393694,29.074597093078737,Moderate Risk
Poland,Chełm,2015,27,35,8.167728,6.386764,0.18,0.14,0.8167728000000001,0.7500571173208331,41.336598346416665,Moderate Risk
Poland,Kalisz,2016,27,33,8.449371,5.877876,0.18,0.132,0.8449370999999999,0.7699807772583014,42.13835754516603,Moderate Risk
Poland,Kędzierzyn-Koźle,2016,27,32,8.449371,5.877876,0.18,0.128,0.8449370999999999,0.7699807772583014,42.05835754516603,Moderate Risk
Poland,Lublin,2016,27,31,8.449371,5.877876,0.18,0.124,0.8449370999999999,0.7699807772583014,41.97835754516603,Moderate Risk
Poland,Siedlce,2016,27,29,8.449371,5.877876,0.18,0.116,0.8449370999999999,0.7699807772583014,41.81835754516603,Moderate Risk
Poland,Trzebinia,2016,27,35,8.449371,5.877876,0.18,0.14,0.8449370999999999,0.7699807772583014,42.29835754516603,Moderate Risk
Turkey,Sivas,2016,27,56,4.9668326,13.98593,0.18,0.224,0.49668326,0.45253939398609,30.6644530797218,Moderate Risk
