Country,City/Town,Year,PM2.5,PM10,CO₂ emissions per capita,Renewables,pm25_normalized,pm10_normalized,co2_normalized,ren_normalized,risk_score,risk_category,latitude,longitude
India,Kanpur,2016,173,319,1.7504745,6.369765,1.0,1.0,0.17504745,0.7507226513779872,78.51540202755976,Very High Risk,26.4609135,80.3217588
India,Faridabad,2016,172,316,1.7504745,6.369765,1.0,1.0,0.17504745,0.7507226513779872,78.51540202755976,Very High Risk,28.4031478,77.3105561
India,Gaya,2016,149,275,1.7504745,6.369765,0.9933333333333332,1.0,0.17504745,0.7507226513779872,78.24873536089308,Very High Risk,24.7964355,85.0079563
India,Varanasi,2016,146,260,1.7504745,6.369765,0.9733333333333334,1.0,0.17504745,0.7507226513779872,77.44873536089308,Very High Risk,25.3356491,83.0076292
India,Patna,2016,144,266,1.7504745,6.369765,0.96,1.0,0.17504745,0.7507226513779872,76.91540202755975,Very High Risk,25.6093239,85.1235252
India,Delhi,2016,143,292,1.7504745,6.369765,0.9533333333333334,1.0,0.17504745,0.7507226513779872,76.64873536089308,Very High Risk,28.6138954,77.2090057
India,Lucknow,2016,138,255,1.7504745,6.369765,0.92,1.0,0.17504745,0.7507226513779872,75.31540202755976,Very High Risk,26.8381,80.9346001
India,Agra,2016,131,194,1.7504745,6.369765,0.8733333333333333,0.776,0.17504745,0.7507226513779872,68.96873536089308,High Risk,27.1752554,78.0098161
India,Gurgaon,2016,120,124,1.7504745,6.369765,0.8,0.496,0.17504745,0.7507226513779872,60.43540202755975,High Risk,28.4646148,77.0299194
India,Muzaffarpur,2016,120,221,1.7504745,6.369765,0.8,0.884,0.17504745,0.7507226513779872,68.19540202755977,High Risk,26.1482548,85.3316097
Pakistan,Peshawar,2010,111,540,0.7403367,10.435932,0.74,1.0,0.07403367,0.5915266621682683,62.91120664336537,High Risk,34.0123846,71.5787458
Pakistan,Rawalpindi,2010,107,448,0.7403367,10.435932,0.7133333333333334,1.0,0.07403367,0.5915266621682683,61.84453997669871,High Risk,33.5915446,73.053721
India,Jaipur,2016,105,193,1.7504745,6.369765,0.7,0.772,0.17504745,0.7507226513779872,61.95540202755975,High Risk,26.9154576,75.8189817
India,Patiala,2016,101,184,1.7504745,6.369765,0.6733333333333333,0.736,0.17504745,0.7507226513779872,60.16873536089308,High Risk,30.2092778,76.3397231
India,Jodhpur,2016,98,180,1.7504745,6.369765,0.6533333333333333,0.72,0.17504745,0.7507226513779872,59.04873536089308,High Risk,26.2967719,73.0351433
Bangladesh,Narayanganj,2015,94,205,0.48277447,0.7931762,0.6266666666666667,0.82,0.048277447,0.9690537160961454,61.81328992858959,High Risk,23.6236732,90.4988075
China,Baoding,2016,93,147,6.9428844,11.113145,0.62,0.588,0.69428844,0.565012848682329,61.746025773646586,High Risk,38.8579735,115.490696
Qatar,Doha,2012,93,168,49.15157,0.007277364,0.62,0.672,1.0,0.9998227284401506,78.23645456880301,Very High Risk,25.3108807,51.5081812
China,Jinan,2014,90,192,7.187588,9.689675,0.6,0.768,0.7187588,0.6207436425135608,66.15004885027122,High Risk,36.6519754,117.1138479
China,Jinan,2014,90,192,7.187588,9.689675,0.6,0.768,0.7187588,0.6207436425135608,66.15004885027122,High Risk,36.6519754,117.1138479
China,Shijiazhuang,2015,89,147,7.0609546,10.27758,0.5933333333333334,0.588,0.70609546,0.5977263591515298,61.56976971636393,High Risk,38.0429742,114.5088385
Pakistan,Karachi,2009,88,290,0.76323503,10.193737,0.5866666666666667,1.0,0.076323503,0.6010089270645818,57.01331526795831,High Risk,24.8546842,67.0207055
China,Hengshui,2016,87,143,6.9428844,11.113145,0.58,0.572,0.69428844,0.565012848682329,59.826025773646585,High Risk,37.7364305,115.6677229
China,Xingtai,2016,87,186,6.9428844,11.113145,0.58,0.744,0.69428844,0.565012848682329,63.26602577364658,High Risk,37.0616519,114.499746
China,Anyang,2016,86,155,6.9428844,11.113145,0.5733333333333334,0.62,0.69428844,0.565012848682329,60.51935910697992,High Risk,35.9901282,114.5096506
China,Liaocheng,2016,86,151,6.9428844,11.113145,0.5733333333333334,0.604,0.69428844,0.565012848682329,60.19935910697992,High Risk,36.4441808,115.9642007
China,Jiaozuo,2016,85,142,6.9428844,11.113145,0.5666666666666667,0.568,0.69428844,0.565012848682329,59.212692440313255,High Risk,35.1375,113.143889
Qatar,Al Wakrah,2012,85,152,49.15157,0.007277364,0.5666666666666667,0.608,1.0,0.9998227284401506,74.82312123546969,High Risk,25.0037453,51.4103338
Bangladesh,Khulna,2015,84,94,0.48277447,0.7931762,0.56,0.376,0.048277447,0.9690537160961454,50.2666232619229,High Risk,22.9372087,89.2852741
China,Xinxiang,2016,84,144,6.9428844,11.113145,0.56,0.576,0.69428844,0.565012848682329,59.106025773646586,High Risk,35.3021133,113.9202062
India,Nagpur,2016,84,86,1.7504745,6.369765,0.56,0.344,0.17504745,0.7507226513779872,47.79540202755975,Moderate Risk,21.1498134,79.0820556
China,Handan,2016,82,175,6.9428844,11.113145,0.5466666666666666,0.7,0.69428844,0.565012848682329,61.05269244031325,High Risk,36.6107711,114.4857072
China,Heze,2016,82,143,6.9428844,11.113145,0.5466666666666666,0.572,0.69428844,0.565012848682329,58.492692440313256,High Risk,35.2477266,115.4464761
China,Ji'ning,2015,82,140,7.0609546,10.27758,0.5466666666666666,0.56,0.70609546,0.5977263591515298,59.14310304969727,High Risk,29.8261878,121.4584049
China,Xianyang,2016,82,149,6.9428844,11.113145,0.5466666666666666,0.596,0.69428844,0.565012848682329,58.972692440313246,High Risk,34.3323227,108.7128495
Bangladesh,Gazipur,2015,81,143,0.48277447,0.7931762,0.54,0.572,0.048277447,0.9690537160961454,53.386623261922914,High Risk,23.9997166,90.4184036
China,Dezhou,2016,81,141,6.9428844,11.113145,0.54,0.564,0.69428844,0.565012848682329,58.06602577364659,High Risk,37.4363704,116.3534091
China,Zaozhuang,2016,81,141,6.9428844,11.113145,0.54,0.564,0.69428844,0.565012848682329,58.06602577364659,High Risk,34.8108822,117.3178922
Bangladesh,Barisal,2015,80,113,0.48277447,0.7931762,0.5333333333333333,0.452,0.048277447,0.9690537160961454,50.71995659525624,High Risk,22.4934035,90.3548015
China,Dongying,2015,79,136,7.0609546,10.27758,0.5266666666666666,0.544,0.70609546,0.5977263591515298,58.02310304969727,High Risk,37.4334738,118.6689349
China,Luoyang,2016,79,130,6.9428844,11.113145,0.5266666666666666,0.52,0.69428844,0.565012848682329,56.652692440313245,High Risk,34.6196539,112.4477046
Kuwait,Al-Ahmadi,2015,79,138,24.336504,0.0027495127,0.5266666666666666,0.552,1.0,1.0,72.10666666666667,High Risk,28.8538571,48.1652377
China,Shouguang,2014,78,117,7.187588,9.689675,0.52,0.468,0.7187588,0.6207436425135608,56.950048850271216,High Risk,36.8762356,118.7322549
China,Zhengzhou,2016,78,143,6.9428844,11.113145,0.52,0.572,0.69428844,0.565012848682329,57.426025773646586,High Risk,34.7472531,113.619321
China,Luohe,2016,77,130,6.9428844,11.113145,0.5133333333333333,0.52,0.69428844,0.565012848682329,56.11935910697992,High Risk,33.571189,114.0289356
China,Shangqiu,2016,77,127,6.9428844,11.113145,0.5133333333333333,0.508,0.69428844,0.565012848682329,55.87935910697992,High Risk,34.4168215,115.6507447
China,Weinan,2016,76,139,6.9428844,11.113145,0.5066666666666667,0.556,0.69428844,0.565012848682329,56.57269244031325,High Risk,34.5169112,109.4643291
China,Weinan,2016,76,139,6.9428844,11.113145,0.5066666666666667,0.556,0.69428844,0.565012848682329,56.57269244031325,High Risk,34.5169112,109.4643291
China,Pingdingshan,2016,75,125,6.9428844,11.113145,0.5,0.5,0.69428844,0.565012848682329,55.18602577364658,High Risk,33.7419956,113.3002154
Saudi Arabia,Yanbu,2017,75,116,20.936852,0.005488546,0.5,0.464,1.0,0.9998927631069576,69.27785526213916,High Risk,24.089019,38.0687076
China,Linfen,2016,74,158,6.9428844,11.113145,0.4933333333333333,0.632,0.69428844,0.565012848682329,57.559359106979926,High Risk,36.229963,111.381767
China,Tangshan,2016,74,127,6.9428844,11.113145,0.4933333333333333,0.508,0.69428844,0.565012848682329,55.07935910697992,High Risk,39.6295951,118.1738712
China,Urumqi,2016,74,115,6.9428844,11.113145,0.4933333333333333,0.46,0.69428844,0.565012848682329,54.11935910697993,High Risk,43.8244074,87.6139038
India,Kolkata,2016,74,136,1.7504745,6.369765,0.4933333333333333,0.544,0.17504745,0.7507226513779872,49.12873536089308,Moderate Risk,22.5726459,88.3638953
China,Beijing,2016,73,92,6.9428844,11.113145,0.4866666666666667,0.368,0.69428844,0.565012848682329,52.012692440313245,High Risk,39.9057136,116.3912972
China,Hebi,2016,73,128,6.9428844,11.113145,0.4866666666666667,0.512,0.69428844,0.565012848682329,54.892692440313255,High Risk,35.7494986,114.2912899
China,Jinan,2016,73,141,6.9428844,11.113145,0.4866666666666667,0.564,0.69428844,0.565012848682329,55.93269244031325,High Risk,36.6519754,117.1138479
China,Jinan,2016,73,141,6.9428844,11.113145,0.4866666666666667,0.564,0.69428844,0.565012848682329,55.93269244031325,High Risk,36.6519754,117.1138479
China,Laiwu,2016,73,127,6.9428844,11.113145,0.4866666666666667,0.508,0.69428844,0.565012848682329,54.81269244031325,High Risk,36.2150252,117.6698329
China,Zigong,2016,73,99,6.9428844,11.113145,0.4866666666666667,0.396,0.69428844,0.565012848682329,52.57269244031325,High Risk,29.3419256,104.7761224
Saudi Arabia,Riyadh,2016,73,251,20.873049,0.0036253089,0.4866666666666667,1.0,1.0,0.9999657113831268,79.4659808943292,Very High Risk,23.333333,45.333333
China,Anshan,2015,72,115,7.0609546,10.27758,0.48,0.46,0.70609546,0.5977263591515298,54.4764363830306,High Risk,40.822222,122.8275
China,Kaifeng,2016,72,122,6.9428844,11.113145,0.48,0.488,0.69428844,0.565012848682329,54.14602577364659,High Risk,34.604167,114.497222
China,Xi'an,2016,71,137,6.9428844,11.113145,0.4733333333333333,0.548,0.69428844,0.565012848682329,55.07935910697992,High Risk,34.261004,108.9423363
China,Binzhou,2016,70,123,6.9428844,11.113145,0.4666666666666667,0.492,0.69428844,0.565012848682329,53.69269244031325,High Risk,37.3821206,117.9647262
China,Yangquan,2014,70,105,7.187588,9.689675,0.4666666666666667,0.42,0.7187588,0.6207436425135608,53.85671551693788,High Risk,38.0935972,113.5265601
China,Cangzhou,2016,69,147,6.9428844,11.113145,0.46,0.588,0.69428844,0.565012848682329,55.34602577364659,High Risk,38.3042796,116.8511597
China,Puyang,2016,69,137,6.9428844,11.113145,0.46,0.548,0.69428844,0.565012848682329,54.54602577364659,High Risk,35.7631348,115.0234071
China,Tianjin,2016,69,103,6.9428844,11.113145,0.46,0.412,0.69428844,0.565012848682329,51.82602577364659,High Risk,39.3032619,117.4163641
China,Jiangyin,2014,68,102,7.187588,9.689675,0.4533333333333333,0.408,0.7187588,0.6207436425135608,53.08338218360456,High Risk,31.9215518,120.2808847
China,Weinan,2014,68,102,7.187588,9.689675,0.4533333333333333,0.408,0.7187588,0.6207436425135608,53.08338218360456,High Risk,34.5169112,109.4643291
China,Weinan,2014,68,102,7.187588,9.689675,0.4533333333333333,0.408,0.7187588,0.6207436425135608,53.08338218360456,High Risk,34.5169112,109.4643291
China,Xuchang,2016,68,122,6.9428844,11.113145,0.4533333333333333,0.488,0.69428844,0.565012848682329,53.07935910697992,High Risk,34.0392527,113.8461624
China,Zhoukou,2016,68,113,6.9428844,11.113145,0.4533333333333333,0.452,0.69428844,0.565012848682329,52.35935910697992,High Risk,33.808333,114.911944
China,Zhumadian,2016,68,120,6.9428844,11.113145,0.4533333333333333,0.48,0.69428844,0.565012848682329,52.91935910697991,High Risk,33.0115818,114.0164565
Pakistan,Lahore,2010,68,198,0.7403367,10.435932,0.4533333333333333,0.792,0.07403367,0.5915266621682683,47.284539976698696,Moderate Risk,31.5656822,74.3141829
China,Changzhi,2014,67,101,7.187588,9.689675,0.4466666666666666,0.404,0.7187588,0.6207436425135608,52.736715516937885,High Risk,36.1830167,113.0992929
Bangladesh,Chittagong,2015,66,91,0.48277447,0.7931762,0.44,0.364,0.048277447,0.9690537160961454,45.22662326192291,Moderate Risk,22.333778,91.8344348
China,Langfang,2016,66,112,6.9428844,11.113145,0.44,0.448,0.69428844,0.565012848682329,51.746025773646586,High Risk,39.5302055,116.6926134
China,Sanmenxia,2016,66,127,6.9428844,11.113145,0.44,0.508,0.69428844,0.565012848682329,52.94602577364659,High Risk,34.4228647,111.0489969
China,Taiyuan,2016,66,125,6.9428844,11.113145,0.44,0.5,0.69428844,0.565012848682329,52.786025773646585,High Risk,37.8699921,112.5437075
Iran,Hamedan,2013,66,149,7.5856357,1.4233078,0.44,0.596,0.75856357,0.9443832036960638,63.57893547392127,High Risk,34.9726302,48.6563818
Pakistan,Islamabad,2011,66,217,0.7336991,10.6061125,0.44,0.868,0.07336991,0.5848638632616556,48.12467546523312,Moderate Risk,33.6938118,73.0651511
India,Ahmedabad,2015,65,120,1.6805544,6.3568044,0.4333333333333333,0.48,0.16805544,0.7512300765618893,45.319043664571126,Moderate Risk,23.0215374,72.5800568
Chile,Coyhaique,2014,64,75,4.3431134,19.519339,0.4266666666666667,0.3,0.43431134,0.2358988773872977,36.47087101441262,Moderate Risk,-45.5711804,-72.0684863
China,Jurong,2014,64,97,7.187588,9.689675,0.4266666666666667,0.388,0.7187588,0.6207436425135608,51.61671551693788,High Risk,31.9478237,119.1633971
China,Luzhou,2016,64,87,6.9428844,11.113145,0.4266666666666667,0.348,0.69428844,0.565012848682329,49.212692440313255,Moderate Risk,28.8744722,105.4385063
China,Xiangyang,2016,64,93,6.9428844,11.113145,0.4266666666666667,0.372,0.69428844,0.565012848682329,49.69269244031326,Moderate Risk,32.010998,112.1163785
India,Mumbai,2016,64,104,1.7504745,6.369765,0.4266666666666667,0.416,0.17504745,0.7507226513779872,43.902068694226415,Moderate Risk,19.054999,72.8692035
China,Chengdu,2016,63,105,6.9428844,11.113145,0.42,0.42,0.69428844,0.565012848682329,50.38602577364658,High Risk,30.659867,104.063315
China,Leshan,2016,63,93,6.9428844,11.113145,0.42,0.372,0.69428844,0.565012848682329,49.426025773646586,Moderate Risk,29.2233495,103.5966083
China,Nanyang,2016,63,119,6.9428844,11.113145,0.42,0.476,0.69428844,0.565012848682329,51.50602577364658,High Risk,33.0010496,112.5292693
China,Tai'an,2016,63,112,6.9428844,11.113145,0.42,0.448,0.69428844,0.565012848682329,50.94602577364659,High Risk,36.2002968,117.0809316
China,Xining,2014,63,120,7.187588,9.689675,0.42,0.48,0.7187588,0.6207436425135608,53.19004885027122,High Risk,36.6172544,101.7761582
China,Jincheng,2016,62,111,6.9428844,11.113145,0.4133333333333333,0.444,0.69428844,0.565012848682329,50.59935910697991,High Risk,35.4913132,112.8454497
China,Jinzhong,2016,62,109,6.9428844,11.113145,0.4133333333333333,0.436,0.69428844,0.565012848682329,50.43935910697992,High Risk,37.6866796,112.7383414
China,Yichang,2016,62,97,6.9428844,11.113145,0.4133333333333333,0.388,0.69428844,0.565012848682329,49.47935910697991,Moderate Risk,30.6941332,111.2803512
Bangladesh,Sylhet,2015,61,111,0.48277447,0.7931762,0.4066666666666667,0.444,0.048277447,0.9690537160961454,45.493289928589576,Moderate Risk,24.7358854,91.6852476
Iran,Qods,2016,61,140,7.6919622,1.3443363,0.4066666666666667,0.56,0.76919622,0.9474750457335096,61.80009198133687,High Risk,35.7204271,51.1100769
China,Ezhou,2016,60,100,6.9428844,11.113145,0.4,0.4,0.69428844,0.565012848682329,49.18602577364659,Moderate Risk,30.3925379,114.8898988
China,Fuyang,2014,60,90,7.187588,9.689675,0.4,0.36,0.7187588,0.6207436425135608,49.99004885027122,Moderate Risk,32.8926763,115.8090001
China,Jingzhou,2016,60,100,6.9428844,11.113145,0.4,0.4,0.69428844,0.565012848682329,49.18602577364659,Moderate Risk,30.3375612,112.2337264
China,Xuzhou,2016,60,118,6.9428844,11.113145,0.4,0.472,0.69428844,0.565012848682329,50.62602577364659,High Risk,34.2665258,117.1810431
China,Zhangjiagang,2014,60,91,7.187588,9.689675,0.4,0.364,0.7187588,0.6207436425135608,50.07004885027122,High Risk,31.8782976,120.5514595
India,Chandrapur,2016,60,109,1.7504745,6.369765,0.4,0.436,0.17504745,0.7507226513779872,43.23540202755974,Moderate Risk,20.0967555,79.5045475
South Africa,Hartebeespoort,2014,60,119,8.663356,0.81018883,0.4,0.476,0.8663356,0.9683876484058836,62.21446496811768,High Risk,-25.7469729,27.8586157
China,Baoji,2016,59,111,6.9428844,11.113145,0.3933333333333333,0.444,0.69428844,0.565012848682329,49.79935910697992,Moderate Risk,34.3609713,107.2322378
China,Chuzhou,2016,59,77,6.9428844,11.113145,0.3933333333333333,0.308,0.69428844,0.565012848682329,47.07935910697992,Moderate Risk,32.3027377,118.3139455
China,Tongchuan,2016,59,104,6.9428844,11.113145,0.3933333333333333,0.416,0.69428844,0.565012848682329,49.23935910697992,Moderate Risk,34.8972729,108.9403845
China,Bozhou,2016,58,83,6.9428844,11.113145,0.3866666666666666,0.332,0.69428844,0.565012848682329,47.29269244031325,Moderate Risk,33.8490794,115.7730968
China,Jingmen,2016,58,99,6.9428844,11.113145,0.3866666666666666,0.396,0.69428844,0.565012848682329,48.57269244031325,Moderate Risk,31.0375248,112.1937979
China,Korla,2014,58,87,7.187588,9.689675,0.3866666666666666,0.348,0.7187588,0.6207436425135608,49.21671551693789,Moderate Risk,41.7238743,86.173541
China,Lin'an,2014,58,87,7.187588,9.689675,0.3866666666666666,0.348,0.7187588,0.6207436425135608,49.21671551693789,Moderate Risk,30.2371364,119.7192631
China,Pingdu,2014,58,88,7.187588,9.689675,0.3866666666666666,0.352,0.7187588,0.6207436425135608,49.29671551693789,Moderate Risk,36.7534005,119.9648885
China,Wafangdian,2014,58,88,7.187588,9.689675,0.3866666666666666,0.352,0.7187588,0.6207436425135608,49.29671551693789,Moderate Risk,39.6236752,122.005039
China,Xinyang,2016,58,96,6.9428844,11.113145,0.3866666666666666,0.384,0.69428844,0.565012848682329,48.33269244031325,Moderate Risk,32.1461721,114.0852134
China,Yibin,2015,58,82,7.0609546,10.27758,0.3866666666666666,0.328,0.70609546,0.5977263591515298,48.10310304969726,Moderate Risk,28.7555245,104.6406023
China,Yiwu,2014,58,88,7.187588,9.689675,0.3866666666666666,0.352,0.7187588,0.6207436425135608,49.29671551693789,Moderate Risk,29.3089226,120.0702728
China,Zhuji,2014,58,88,7.187588,9.689675,0.3866666666666666,0.352,0.7187588,0.6207436425135608,49.29671551693789,Moderate Risk,29.7112121,120.2419855
Iran,Ahvaz,2016,58,132,7.6919622,1.3443363,0.3866666666666666,0.528,0.76919622,0.9474750457335096,60.36009198133686,High Risk,31.3230637,48.67932
Saudi Arabia,Jubail,2016,58,129,20.873049,0.0036253089,0.3866666666666666,0.516,1.0,0.9999657113831268,65.78598089432921,High Risk,27.0006968,49.6532161
Bangladesh,Dhaka,2016,57,104,0.5084272,0.7402721,0.38,0.416,0.0508427199999999,0.971124983836194,43.95935407672388,Moderate Risk,23.7643863,90.3890144
China,Hefei,2016,57,83,6.9428844,11.113145,0.38,0.332,0.69428844,0.565012848682329,47.02602577364659,Moderate Risk,31.8665676,117.281428
China,Huangshi,2016,57,89,6.9428844,11.113145,0.38,0.356,0.69428844,0.565012848682329,47.50602577364658,Moderate Risk,30.2024971,115.0334144
China,Maanshan,2014,57,87,7.187588,9.689675,0.38,0.348,0.7187588,0.6207436425135608,48.95004885027122,Moderate Risk,31.6866105,118.5048377
China,Nanchong,2014,57,86,7.187588,9.689675,0.38,0.344,0.7187588,0.6207436425135608,48.87004885027122,Moderate Risk,31.210219,106.231735
China,Wuhan,2016,57,92,6.9428844,11.113145,0.38,0.368,0.69428844,0.565012848682329,47.746025773646586,Moderate Risk,30.578891,114.2921197
China,Changde,2016,56,80,6.9428844,11.113145,0.3733333333333333,0.32,0.69428844,0.565012848682329,46.51935910697992,Moderate Risk,29.034552,111.6928724
China,Dazhou,2016,56,86,6.9428844,11.113145,0.3733333333333333,0.344,0.69428844,0.565012848682329,46.99935910697992,Moderate Risk,31.345115,107.650683
China,Huainan,2016,56,85,6.9428844,11.113145,0.3733333333333333,0.34,0.69428844,0.565012848682329,46.91935910697992,Moderate Risk,32.5866826,117.0130019
China,Laixi,2014,56,84,7.187588,9.689675,0.3733333333333333,0.336,0.7187588,0.6207436425135608,48.44338218360456,Moderate Risk,36.8618279,120.5158492
China,Laizhou,2014,56,84,7.187588,9.689675,0.3733333333333333,0.336,0.7187588,0.6207436425135608,48.44338218360456,Moderate Risk,37.1773133,119.9370943
China,Linyi,2014,56,84,7.187588,9.689675,0.3733333333333333,0.336,0.7187588,0.6207436425135608,48.44338218360456,Moderate Risk,35.1032403,118.3506988
China,Suizhou,2016,56,88,6.9428844,11.113145,0.3733333333333333,0.352,0.69428844,0.565012848682329,47.15935910697991,Moderate Risk,31.920921,113.465844
China,Suqian,2016,56,120,6.9428844,11.113145,0.3733333333333333,0.48,0.69428844,0.565012848682329,49.71935910697992,Moderate Risk,33.9644701,118.2696994
China,Wujiang,2014,56,85,7.187588,9.689675,0.3733333333333333,0.34,0.7187588,0.6207436425135608,48.52338218360456,Moderate Risk,30.9941875,120.5986444
China,Xinzhou,2016,56,103,6.9428844,11.113145,0.3733333333333333,0.412,0.69428844,0.565012848682329,48.35935910697992,Moderate Risk,38.76502,112.385805
Iran,Genaveh,2016,56,129,7.6919622,1.3443363,0.3733333333333333,0.516,0.76919622,0.9474750457335096,59.58675864800354,High Risk,29.5403398,50.7140852
Saudi Arabia,Dammam,2016,56,161,20.873049,0.0036253089,0.3733333333333333,0.644,1.0,0.9999657113831268,67.81264756099587,High Risk,26.4367824,50.1039991
China,Deyang,2016,55,91,6.9428844,11.113145,0.3666666666666666,0.364,0.69428844,0.565012848682329,47.13269244031325,Moderate Risk,31.1244028,104.39013
China,Jinzhou,2016,55,81,6.9428844,11.113145,0.3666666666666666,0.324,0.69428844,0.565012848682329,46.33269244031325,Moderate Risk,41.1087113,121.1186159
China,Rizhao,2016,55,101,6.9428844,11.113145,0.3666666666666666,0.404,0.69428844,0.565012848682329,47.93269244031325,Moderate Risk,35.4178833,119.5213994
China,Taian,2014,55,83,7.187588,9.689675,0.3666666666666666,0.332,0.7187588,0.6207436425135608,48.09671551693789,Moderate Risk,41.3785479,122.4268343
China,Yinchuan,2016,55,117,6.9428844,11.113145,0.3666666666666666,0.468,0.69428844,0.565012848682329,49.212692440313255,Moderate Risk,38.4871699,106.2266569
India,Panchkula,2016,55,101,1.7504745,6.369765,0.3666666666666666,0.404,0.17504745,0.7507226513779872,41.262068694226414,Moderate Risk,30.6975401,76.8551066
Iran,Asaluyeh,2016,55,126,7.6919622,1.3443363,0.3666666666666666,0.504,0.76919622,0.9474750457335096,59.08009198133686,High Risk,27.4058675,52.7837744
China,Anqing,2016,54,71,6.9428844,11.113145,0.36,0.284,0.69428844,0.565012848682329,45.266025773646575,Moderate Risk,30.6592336,116.6302585
China,Chongqing,2016,54,77,6.9428844,11.113145,0.36,0.308,0.69428844,0.565012848682329,45.74602577364658,Moderate Risk,30.05518,107.8748712
China,Jining,2014,54,81,7.187588,9.689675,0.36,0.324,0.7187588,0.6207436425135608,47.670048850271215,Moderate Risk,35.4125047,116.5849266
China,Lanzhou,2016,54,132,6.9428844,11.113145,0.36,0.528,0.69428844,0.565012848682329,50.146025773646585,High Risk,36.474436,103.733224
China,Neijiang,2016,54,76,6.9428844,11.113145,0.36,0.304,0.69428844,0.565012848682329,45.66602577364658,Moderate Risk,29.6602202,104.9192806
China,Shaoyang,2016,54,77,6.9428844,11.113145,0.36,0.308,0.69428844,0.565012848682329,45.74602577364658,Moderate Risk,26.9443424,110.9631102
China,Shenyang,2016,54,94,6.9428844,11.113145,0.36,0.376,0.69428844,0.565012848682329,47.106025773646586,Moderate Risk,41.8026095,123.4279105
China,Taicang,2014,54,82,7.187588,9.689675,0.36,0.328,0.7187588,0.6207436425135608,47.75004885027122,Moderate Risk,31.4590371,121.1264772
China,Yixing,2014,54,81,7.187588,9.689675,0.36,0.324,0.7187588,0.6207436425135608,47.670048850271215,Moderate Risk,31.3495972,119.817253
China,Zhaoyuan,2014,54,82,7.187588,9.689675,0.36,0.328,0.7187588,0.6207436425135608,47.75004885027122,Moderate Risk,37.3538319,120.4281727
China,Zibo,2014,54,82,7.187588,9.689675,0.36,0.328,0.7187588,0.6207436425135608,47.75004885027122,Moderate Risk,36.8129564,118.0488401
China,Changsha,2016,53,73,6.9428844,11.113145,0.3533333333333333,0.292,0.69428844,0.565012848682329,45.15935910697992,Moderate Risk,28.1987538,112.9708685
China,Huai'an,2016,53,92,6.9428844,11.113145,0.3533333333333333,0.368,0.69428844,0.565012848682329,46.67935910697992,Moderate Risk,33.5978157,119.0196971
China,Wuhu,2016,53,75,6.9428844,11.113145,0.3533333333333333,0.3,0.69428844,0.565012848682329,45.31935910697992,Moderate Risk,31.3536127,118.4277477
China,Wuxi,2016,53,82,6.9428844,11.113145,0.3533333333333333,0.328,0.69428844,0.565012848682329,45.87935910697992,Moderate Risk,31.5776626,120.2952752
China,Harbin,2016,52,74,6.9428844,11.113145,0.3466666666666667,0.296,0.69428844,0.565012848682329,44.97269244031325,Moderate Risk,45.7593633,126.6276177
China,Hengyang,2016,52,76,6.9428844,11.113145,0.3466666666666667,0.304,0.69428844,0.565012848682329,45.13269244031325,Moderate Risk,26.8971308,112.5666191
China,Jiaonan,2014,52,79,7.187588,9.689675,0.3466666666666667,0.316,0.7187588,0.6207436425135608,46.97671551693789,Moderate Risk,35.9316577,120.0033992
China,Jiaozhou,2014,52,79,7.187588,9.689675,0.3466666666666667,0.316,0.7187588,0.6207436425135608,46.97671551693789,Moderate Risk,36.2640866,120.0284928
China,Liyang,2014,52,78,7.187588,9.689675,0.3466666666666667,0.312,0.7187588,0.6207436425135608,46.896715516937896,Moderate Risk,31.4178958,119.4787471
China,Haimen,2014,51,77,7.187588,9.689675,0.34,0.308,0.7187588,0.6207436425135608,46.55004885027122,Moderate Risk,31.8729183,121.1771295
China,Huanggang,2016,51,75,6.9428844,11.113145,0.34,0.3,0.69428844,0.565012848682329,44.786025773646585,Moderate Risk,30.4560187,114.8673226
China,Jimo,2014,51,77,7.187588,9.689675,0.34,0.308,0.7187588,0.6207436425135608,46.55004885027122,Moderate Risk,36.3890288,120.4420675
China,Shiyan,2016,51,81,6.9428844,11.113145,0.34,0.324,0.69428844,0.565012848682329,45.26602577364659,Moderate Risk,32.45269,110.560812
China,"Taizhou, Jiangsu",2016,51,87,6.9428844,11.113145,0.34,0.348,0.69428844,0.565012848682329,45.74602577364658,Moderate Risk,32.4579729,119.9181174
China,Tongling,2016,51,78,6.9428844,11.113145,0.34,0.312,0.69428844,0.565012848682329,45.02602577364658,Moderate Risk,30.9057603,117.6141351
China,Xiangtan,2016,51,85,6.9428844,11.113145,0.34,0.34,0.69428844,0.565012848682329,45.58602577364659,Moderate Risk,27.681864,112.626292
China,Xuancheng,2016,51,68,6.9428844,11.113145,0.34,0.272,0.69428844,0.565012848682329,44.22602577364658,Moderate Risk,30.9412541,118.7540167
China,Yangzhou,2016,51,87,6.9428844,11.113145,0.34,0.348,0.69428844,0.565012848682329,45.74602577364658,Moderate Risk,32.3968554,119.4077658
China,Zhuzhou,2016,51,83,6.9428844,11.113145,0.34,0.332,0.69428844,0.565012848682329,45.426025773646586,Moderate Risk,27.049812,113.55087
Kuwait,Saad Al-Abdullah,2016,51,63,25.978886,0.026322374,0.34,0.252,1.0,0.9990770902982692,58.62154180596539,High Risk,29.3099502,47.720734
China,Baishan,2016,50,81,6.9428844,11.113145,0.3333333333333333,0.324,0.69428844,0.565012848682329,44.99935910697992,Moderate Risk,41.936895,126.4183792
China,Jiujiang,2016,50,74,6.9428844,11.113145,0.3333333333333333,0.296,0.69428844,0.565012848682329,44.43935910697992,Moderate Risk,29.388607,115.3820227
China,Zhenjiang,2016,50,80,6.9428844,11.113145,0.3333333333333333,0.32,0.69428844,0.565012848682329,44.91935910697992,Moderate Risk,32.1891959,119.4200069
India,Pune,2016,50,89,1.7504745,6.369765,0.3333333333333333,0.356,0.17504745,0.7507226513779872,38.96873536089308,Moderate Risk,18.5213738,73.8545071
Iran,Zabol,2016,50,115,7.6919622,1.3443363,0.3333333333333333,0.46,0.76919622,0.9474750457335096,56.866758648003525,High Risk,31.0277779,61.4948211
Chile,Padre Las Casas,2016,49,64,4.6121125,19.341196,0.3266666666666666,0.256,0.46121125,0.2428734190393712,32.268360047454095,Moderate Risk,-38.7674245,-72.5956312
China,Changshu,2014,49,74,7.187588,9.689675,0.3266666666666666,0.296,0.7187588,0.6207436425135608,45.77671551693789,Moderate Risk,31.6572954,120.7480757
China,Changzhou,2016,49,81,6.9428844,11.113145,0.3266666666666666,0.324,0.69428844,0.565012848682329,44.73269244031325,Moderate Risk,31.8122623,119.9691539
China,Hangzhou,2016,49,105,6.9428844,11.113145,0.3266666666666666,0.42,0.69428844,0.565012848682329,46.652692440313245,Moderate Risk,30.2489634,120.2052342
China,Ma'anshan,2016,49,75,6.9428844,11.113145,0.3266666666666666,0.3,0.69428844,0.565012848682329,44.25269244031325,Moderate Risk,31.6866105,118.5048377
China,Mianyang,2016,49,78,6.9428844,11.113145,0.3266666666666666,0.312,0.69428844,0.565012848682329,44.492692440313256,Moderate Risk,31.4602714,104.7160723
China,Weifang,2014,49,73,7.187588,9.689675,0.3266666666666666,0.292,0.7187588,0.6207436425135608,45.69671551693789,Moderate Risk,36.7070287,119.1557515
China,Xi'ning,2016,49,113,6.9428844,11.113145,0.3266666666666666,0.452,0.69428844,0.565012848682329,47.29269244031325,Moderate Risk,36.6172544,101.7761582
China,Yueyang,2016,49,72,6.9428844,11.113145,0.3266666666666666,0.288,0.69428844,0.565012848682329,44.01269244031325,Moderate Risk,29.060703,113.348653
China,Ziyang,2016,49,95,6.9428844,11.113145,0.3266666666666666,0.38,0.69428844,0.565012848682329,45.852692440313255,Moderate Risk,30.0928618,105.1336656
India,Chennai,2016,49,80,1.7504745,6.369765,0.3266666666666666,0.32,0.17504745,0.7507226513779872,37.98206869422641,Moderate Risk,13.0836939,80.270186
China,Baicheng,2016,48,75,6.9428844,11.113145,0.32,0.3,0.69428844,0.565012848682329,43.98602577364659,Moderate Risk,45.4086001,123.1327161
China,Enshi,2016,48,69,6.9428844,11.113145,0.32,0.276,0.69428844,0.565012848682329,43.50602577364658,Moderate Risk,30.2745483,109.4833079
China,Jintan,2014,48,72,7.187588,9.689675,0.32,0.288,0.7187588,0.6207436425135608,45.35004885027122,Moderate Risk,31.7233197,119.5825196
China,Nanjing,2016,48,85,6.9428844,11.113145,0.32,0.34,0.69428844,0.565012848682329,44.786025773646585,Moderate Risk,32.0438284,118.7788631
China,Rushan,2014,48,72,7.187588,9.689675,0.32,0.288,0.7187588,0.6207436425135608,45.35004885027122,Moderate Risk,36.9199831,121.5346952
China,Tieling,2016,48,83,6.9428844,11.113145,0.32,0.332,0.69428844,0.565012848682329,44.62602577364658,Moderate Risk,42.2895233,123.8394899
China,Wuzhong,2016,48,98,6.9428844,11.113145,0.32,0.392,0.69428844,0.565012848682329,45.826025773646585,Moderate Risk,37.4922984,106.5151923
China,Xianning,2016,48,77,6.9428844,11.113145,0.32,0.308,0.69428844,0.565012848682329,44.14602577364658,Moderate Risk,29.8437545,114.3169418
China,Yan'an,2014,48,73,7.187588,9.689675,0.32,0.292,0.7187588,0.6207436425135608,45.43004885027122,Moderate Risk,36.602796,109.4873978
China,Zhangjiajie,2016,48,72,6.9428844,11.113145,0.32,0.288,0.69428844,0.565012848682329,43.74602577364658,Moderate Risk,29.373828,110.530142
Vietnam,Hanoi,2016,48,102,2.3513482,18.652882,0.32,0.408,0.23513482,0.2698218518304736,31.059133436609475,Moderate Risk,21.0283334,105.854041
Bangladesh,Rajshahi,2015,47,86,0.48277447,0.7931762,0.3133333333333333,0.344,0.048277447,0.9690537160961454,39.75995659525624,Moderate Risk,24.6285432,89.0376862
China,Baotou,2016,47,105,6.9428844,11.113145,0.3133333333333333,0.42,0.69428844,0.565012848682329,46.11935910697992,Moderate Risk,40.6174777,109.944912
China,Guilin,2016,47,64,6.9428844,11.113145,0.3133333333333333,0.256,0.69428844,0.565012848682329,42.83935910697992,Moderate Risk,25.2779894,110.2910622
China,Huludao,2016,47,87,6.9428844,11.113145,0.3133333333333333,0.348,0.69428844,0.565012848682329,44.67935910697992,Moderate Risk,40.7515443,120.8404789
China,Huzhou,2016,47,100,6.9428844,11.113145,0.3133333333333333,0.4,0.69428844,0.565012848682329,45.71935910697992,Moderate Risk,30.8942995,120.0851114
China,Liaoyang,2016,47,83,6.9428844,11.113145,0.3133333333333333,0.332,0.69428844,0.565012848682329,44.35935910697992,Moderate Risk,41.2742898,123.1695757
China,Shizuishan,2016,47,114,6.9428844,11.113145,0.3133333333333333,0.456,0.69428844,0.565012848682329,46.83935910697991,Moderate Risk,38.9868531,106.3771974
China,Zhangqiu,2014,47,71,7.187588,9.689675,0.3133333333333333,0.284,0.7187588,0.6207436425135608,45.00338218360456,Moderate Risk,36.6811534,117.5201284
China,Changchun,2016,46,78,6.9428844,11.113145,0.3066666666666666,0.312,0.69428844,0.565012848682329,43.69269244031325,Moderate Risk,43.8844201,125.3180998
China,Guang'an,2016,46,78,6.9428844,11.113145,0.3066666666666666,0.312,0.69428844,0.565012848682329,43.69269244031325,Moderate Risk,30.4593051,106.6286646
China,Haidong,2016,46,114,6.9428844,11.113145,0.3066666666666666,0.456,0.69428844,0.565012848682329,46.57269244031325,Moderate Risk,36.3098978,102.356454
China,Jinhua,2016,46,98,6.9428844,11.113145,0.3066666666666666,0.392,0.69428844,0.565012848682329,45.29269244031325,Moderate Risk,29.1080344,119.6486487
China,Kunshan,2014,46,69,7.187588,9.689675,0.3066666666666666,0.276,0.7187588,0.6207436425135608,44.57671551693789,Moderate Risk,31.3869323,120.9764683
China,Lianyungang,2016,46,87,6.9428844,11.113145,0.3066666666666666,0.348,0.69428844,0.565012848682329,44.41269244031325,Moderate Risk,34.5933134,119.2171662
China,Liaoyuan,2016,46,63,6.9428844,11.113145,0.3066666666666666,0.252,0.69428844,0.565012848682329,42.49269244031325,Moderate Risk,42.8863846,125.1374905
China,Loudi,2016,46,71,6.9428844,11.113145,0.3066666666666666,0.284,0.69428844,0.565012848682329,43.13269244031325,Moderate Risk,27.6995215,111.9890658
China,Lu'an,2016,46,73,6.9428844,11.113145,0.3066666666666666,0.292,0.69428844,0.565012848682329,43.29269244031325,Moderate Risk,31.7383487,116.5142252
China,Nantong,2016,46,70,6.9428844,11.113145,0.3066666666666666,0.28,0.69428844,0.565012848682329,43.05269244031325,Moderate Risk,31.9827896,120.8904588
China,Penglai,2014,46,69,7.187588,9.689675,0.3066666666666666,0.276,0.7187588,0.6207436425135608,44.57671551693789,Moderate Risk,37.7949103,120.824268
China,Qinhuangdao,2016,46,87,6.9428844,11.113145,0.3066666666666666,0.348,0.69428844,0.565012848682329,44.41269244031325,Moderate Risk,39.9395724,119.5894129
China,Siping,2016,46,77,6.9428844,11.113145,0.3066666666666666,0.308,0.69428844,0.565012848682329,43.61269244031325,Moderate Risk,43.1669821,124.364739
China,Suzhou,2016,46,72,6.9428844,11.113145,0.3066666666666666,0.288,0.69428844,0.565012848682329,43.21269244031325,Moderate Risk,31.311123,120.6212881
China,Wendeng,2014,46,69,7.187588,9.689675,0.3066666666666666,0.276,0.7187588,0.6207436425135608,44.57671551693789,Moderate Risk,37.1954062,122.0834466
China,Wuhai,2016,46,111,6.9428844,11.113145,0.3066666666666666,0.444,0.69428844,0.565012848682329,46.33269244031325,Moderate Risk,39.4857837,106.900469
India,Bangalore,2016,46,96,1.7504745,6.369765,0.3066666666666666,0.384,0.17504745,0.7507226513779872,38.46206869422642,Moderate Risk,12.9767936,77.590082
Iran,Bushehr,2016,46,105,7.6919622,1.3443363,0.3066666666666666,0.42,0.76919622,0.9474750457335096,55.00009198133687,High Risk,28.8936645,51.3204877
Philippines,Quezon City,2016,46,98,1.1262923,13.798237,0.3066666666666666,0.392,0.11262923,0.4598878311758905,31.55700789018448,Moderate Risk,14.6510546,121.0486254
China,Benxi,2016,45,74,6.9428844,11.113145,0.3,0.296,0.69428844,0.565012848682329,43.106025773646586,Moderate Risk,41.176944,124.157425
China,Daqing,2015,45,62,7.0609546,10.27758,0.3,0.248,0.70609546,0.5977263591515298,43.0364363830306,Moderate Risk,46.3240228,124.5598093
China,Ganzhou,2016,45,68,6.9428844,11.113145,0.3,0.272,0.69428844,0.565012848682329,42.62602577364658,Moderate Risk,25.703866,115.348216
China,Huangnan,2016,45,86,6.9428844,11.113145,0.3,0.344,0.69428844,0.565012848682329,44.06602577364659,Moderate Risk,35.0631602,101.6514933
China,Qingdao,2016,45,85,6.9428844,11.113145,0.3,0.34,0.69428844,0.565012848682329,43.98602577364659,Moderate Risk,36.0663249,120.3777659
China,Shanghai,2016,45,59,6.9428844,11.113145,0.3,0.236,0.69428844,0.565012848682329,41.90602577364658,Moderate Risk,31.2312707,121.4700152
China,Shaoxing,2016,45,68,6.9428844,11.113145,0.3,0.272,0.69428844,0.565012848682329,42.62602577364658,Moderate Risk,29.9992425,120.576854
China,Xiaogan,2016,45,78,6.9428844,11.113145,0.3,0.312,0.69428844,0.565012848682329,43.42602577364658,Moderate Risk,31.176413,113.922434
China,Yongzhou,2016,45,70,6.9428844,11.113145,0.3,0.28,0.69428844,0.565012848682329,42.786025773646585,Moderate Risk,25.781344,111.6979977
Indonesia,Jakarta,2016,45,82,2.0707185,5.8097644,0.3,0.328,0.20707185,0.7726474393847357,38.15438578769472,Moderate Risk,-6.1754049,106.827168
Philippines,Navotas,2016,45,96,1.1262923,13.798237,0.3,0.384,0.11262923,0.4598878311758905,31.13034122351781,Moderate Risk,14.6571862,120.9479692
Chile,Osorno,2016,44,56,4.6121125,19.341196,0.2933333333333333,0.224,0.46121125,0.2428734190393712,30.29502671412077,Moderate Risk,-40.5736955,-73.1358091
China,Fushun,2016,44,78,6.9428844,11.113145,0.2933333333333333,0.312,0.69428844,0.565012848682329,43.15935910697992,Moderate Risk,41.8692972,123.924157
China,Jiaxing,2016,44,94,6.9428844,11.113145,0.2933333333333333,0.376,0.69428844,0.565012848682329,44.43935910697992,Moderate Risk,30.7474425,120.7510971
China,Liuzhou,2016,44,66,6.9428844,11.113145,0.2933333333333333,0.264,0.69428844,0.565012848682329,42.19935910697992,Moderate Risk,25.0009993,109.3414252
China,Suining,2016,44,68,6.9428844,11.113145,0.2933333333333333,0.272,0.69428844,0.565012848682329,42.35935910697992,Moderate Risk,30.5061493,105.574542
China,Xiangxi,2016,44,78,6.9428844,11.113145,0.2933333333333333,0.312,0.69428844,0.565012848682329,43.15935910697992,Moderate Risk,28.7120445,109.806804
China,Yingkou,2016,44,73,6.9428844,11.113145,0.2933333333333333,0.292,0.69428844,0.565012848682329,42.75935910697992,Moderate Risk,40.6747155,122.2357736
China,Yiyang,2016,44,82,6.9428844,11.113145,0.2933333333333333,0.328,0.69428844,0.565012848682329,43.47935910697992,Moderate Risk,28.438707,112.056694
China,Zunyi,2016,44,69,6.9428844,11.113145,0.2933333333333333,0.276,0.69428844,0.565012848682329,42.43935910697992,Moderate Risk,27.691166,106.9148826
India,Hyderabad,2016,44,84,1.7504745,6.369765,0.2933333333333333,0.336,0.17504745,0.7507226513779872,36.96873536089308,Moderate Risk,17.360589,78.4740613
Iran,Dehloran,2016,44,100,7.6919622,1.3443363,0.2933333333333333,0.4,0.76919622,0.9474750457335096,54.066758648003535,High Risk,32.6914932,47.2674712
Iran,Mehran,2016,44,102,7.6919622,1.3443363,0.2933333333333333,0.408,0.76919622,0.9474750457335096,54.226758648003525,High Risk,33.1236709,46.1667015
China,Nanchang,2016,43,92,6.9428844,11.113145,0.2866666666666667,0.368,0.69428844,0.565012848682329,44.01269244031325,Moderate Risk,28.6472124,116.0348483
China,Quzhou,2016,43,92,6.9428844,11.113145,0.2866666666666667,0.368,0.69428844,0.565012848682329,44.01269244031325,Moderate Risk,28.973887,118.8540924
China,Taizhou,2014,43,71,7.187588,9.689675,0.2866666666666667,0.284,0.7187588,0.6207436425135608,43.93671551693789,Moderate Risk,28.6581723,121.4163876
China,Yancheng,2016,43,92,6.9428844,11.113145,0.2866666666666667,0.368,0.69428844,0.565012848682329,44.01269244031325,Moderate Risk,33.349559,120.1577019
China,Dandong,2016,42,71,6.9428844,11.113145,0.28,0.284,0.69428844,0.565012848682329,42.06602577364659,Moderate Risk,40.1237658,124.3821748
China,Datong,2014,42,63,7.187588,9.689675,0.28,0.252,0.7187588,0.6207436425135608,43.03004885027122,Moderate Risk,40.0923194,113.2952665
China,Huaihua,2016,42,79,6.9428844,11.113145,0.28,0.316,0.69428844,0.565012848682329,42.70602577364658,Moderate Risk,27.659483,110.143549
China,Jilin,2016,42,69,6.9428844,11.113145,0.28,0.276,0.69428844,0.565012848682329,41.90602577364658,Moderate Risk,43.7289674,126.1997366
China,Tianshui,2016,42,80,6.9428844,11.113145,0.28,0.32,0.69428844,0.565012848682329,42.786025773646585,Moderate Risk,34.5797531,105.7062921
China,Tonghua,2016,42,76,6.9428844,11.113145,0.28,0.304,0.69428844,0.565012848682329,42.466025773646585,Moderate Risk,41.7260568,125.9339857
China,Ya'an,2016,42,68,6.9428844,11.113145,0.28,0.272,0.69428844,0.565012848682329,41.826025773646585,Moderate Risk,30.0130923,103.0402038
Iran,Kangan,2016,42,96,7.6919622,1.3443363,0.28,0.384,0.76919622,0.9474750457335096,53.21342531467019,High Risk,27.8370685,52.06371
Vietnam,Ho Chi Minh City,2016,42,90,2.3513482,18.652882,0.28,0.36,0.23513482,0.2698218518304736,28.49913343660947,Moderate Risk,10.7755254,106.7021047
Chile,Valdivia,2016,41,67,4.6121125,19.341196,0.2733333333333333,0.268,0.46121125,0.2428734190393712,30.37502671412076,Moderate Risk,-39.8141262,-73.2459859
China,Chenzhou,2016,41,70,6.9428844,11.113145,0.2733333333333333,0.28,0.69428844,0.565012848682329,41.71935910697992,Moderate Risk,25.7733598,113.0094337
China,Hohhot,2016,41,88,6.9428844,11.113145,0.2733333333333333,0.352,0.69428844,0.565012848682329,43.15935910697992,Moderate Risk,40.8184528,111.6601939
China,Pingliang,2016,41,80,6.9428844,11.113145,0.2733333333333333,0.32,0.69428844,0.565012848682329,42.51935910697991,Moderate Risk,35.5432,106.6608107
China,Shangrao,2016,41,70,6.9428844,11.113145,0.2733333333333333,0.28,0.69428844,0.565012848682329,41.71935910697992,Moderate Risk,28.7435852,117.40539
China,Yingtan,2016,41,59,6.9428844,11.113145,0.2733333333333333,0.236,0.69428844,0.565012848682329,40.83935910697992,Moderate Risk,28.2741176,117.034423
Colombia,La Estrella,2014,41,47,1.9766101,25.307676,0.2733333333333333,0.188,0.19766101,0.009277581559011,18.832105164513557,Low Risk,6.1576781,-75.6433878
Croatia,Slavonski Brod,2016,41,63,4.370736,22.794458,0.2733333333333333,0.252,0.4370736,0.1076734973218589,26.868275279770515,Moderate Risk,45.1584339,18.0125553
India,Navi Mumbai,2016,41,67,1.7504745,6.369765,0.2733333333333333,0.268,0.17504745,0.7507226513779872,34.80873536089308,Moderate Risk,19.0308262,73.0198537
India,Udaipur,2016,41,98,1.7504745,6.369765,0.2733333333333333,0.392,0.17504745,0.7507226513779872,37.288735360893085,Moderate Risk,24.578721,73.6862571
South Africa,Johannesburg,2011,41,85,8.949351,0.6918544,0.2733333333333333,0.34,0.8949351,0.9730206028913776,55.092447391160896,High Risk,-26.205,28.049722
China,Chengde,2016,40,81,6.9428844,11.113145,0.2666666666666666,0.324,0.69428844,0.565012848682329,42.33269244031325,Moderate Risk,40.9507147,117.9567031
China,Panjin,2016,40,67,6.9428844,11.113145,0.2666666666666666,0.268,0.69428844,0.565012848682329,41.21269244031325,Moderate Risk,41.1796147,122.0524321
India,Guwahati,2016,40,81,1.7504745,6.369765,0.2666666666666666,0.324,0.17504745,0.7507226513779872,35.66206869422641,Moderate Risk,26.1805978,91.753943
North Macedonia,Skopje,2016,40,69,3.368327,17.240671,0.2666666666666666,0.276,0.3368327,0.3251118404408397,29.425557475483465,Moderate Risk,41.9961816,21.4319213
China,Baiyin,2016,39,95,6.9428844,11.113145,0.26,0.38,0.69428844,0.565012848682329,43.18602577364658,Moderate Risk,36.536461,104.784953
China,Dalian,2016,39,67,6.9428844,11.113145,0.26,0.268,0.69428844,0.565012848682329,40.94602577364659,Moderate Risk,38.9130495,121.6098013
China,Jieyang,2016,39,60,6.9428844,11.113145,0.26,0.24,0.69428844,0.565012848682329,40.38602577364658,Moderate Risk,23.553156,116.3680354
China,Liupanshui,2016,39,68,6.9428844,11.113145,0.26,0.272,0.69428844,0.565012848682329,41.02602577364659,Moderate Risk,26.5963778,104.8279652
China,Ningbo,2016,39,62,6.9428844,11.113145,0.26,0.248,0.69428844,0.565012848682329,40.54602577364659,Moderate Risk,29.8622194,121.6203873
China,Shangluo,2016,39,72,6.9428844,11.113145,0.26,0.288,0.69428844,0.565012848682329,41.34602577364659,Moderate Risk,34.4228647,111.0489969
China,Wuwei,2016,39,97,6.9428844,11.113145,0.26,0.388,0.69428844,0.565012848682329,43.34602577364659,Moderate Risk,37.9304281,102.6373055
China,Yantai,2016,39,76,6.9428844,11.113145,0.26,0.304,0.69428844,0.565012848682329,41.66602577364659,Moderate Risk,37.461928,121.4425255
China,Zhaoyang,2016,39,69,6.9428844,11.113145,0.26,0.276,0.69428844,0.565012848682329,41.10602577364658,Moderate Risk,27.3236062,103.7039262
India,Solapur,2016,39,71,1.7504745,6.369765,0.26,0.284,0.17504745,0.7507226513779872,34.59540202755974,Moderate Risk,17.8499067,75.2763203
Iran,Shahinshahr,2016,39,89,7.6919622,1.3443363,0.26,0.356,0.76919622,0.9474750457335096,51.8534253146702,High Risk,32.8604273,51.5273149
Peru,Lima,2016,39,58,1.7072773,23.559713,0.26,0.232,0.17072773,0.0777127193403635,20.00880898680727,Low Risk,-12.0459808,-77.0305912
Turkey,Amasya,2016,39,57,4.9668326,13.98593,0.26,0.228,0.49668326,0.45253939398609,33.944453079721804,Moderate Risk,40.6569451,35.7727169
China,Foshan,2016,38,55,6.9428844,11.113145,0.2533333333333333,0.22,0.69428844,0.565012848682329,39.71935910697992,Moderate Risk,23.0239788,113.1159558
China,Gannan,2016,38,70,6.9428844,11.113145,0.2533333333333333,0.28,0.69428844,0.565012848682329,40.91935910697992,Moderate Risk,34.3971917,102.7098994
China,Guigang,2016,38,55,6.9428844,11.113145,0.2533333333333333,0.22,0.69428844,0.565012848682329,39.71935910697992,Moderate Risk,23.3594346,110.0412939
China,Rongcheng,2014,38,57,7.187588,9.689675,0.2533333333333333,0.228,0.7187588,0.6207436425135608,41.48338218360456,Moderate Risk,37.1649467,122.482296
China,Wenzhou,2016,38,81,6.9428844,11.113145,0.2533333333333333,0.324,0.69428844,0.565012848682329,41.79935910697992,Moderate Risk,27.9963899,120.695345
China,Zhangye,2016,38,90,6.9428844,11.113145,0.2533333333333333,0.36,0.69428844,0.565012848682329,42.51935910697991,Moderate Risk,39.121833,99.924947
India,Jabalpur,2016,38,79,1.7504745,6.369765,0.2533333333333333,0.316,0.17504745,0.7507226513779872,34.968735360893085,Moderate Risk,23.1701522,79.9324505
Iran,Shahre Ghods,2016,38,87,7.6919622,1.3443363,0.2533333333333333,0.348,0.76919622,0.9474750457335096,51.42675864800352,High Risk,35.6890751,51.1134052
Iran,Shahryar,2016,38,87,7.6919622,1.3443363,0.2533333333333333,0.348,0.76919622,0.9474750457335096,51.42675864800352,High Risk,32.6941276,51.6601568
China,Chifeng,2016,37,76,6.9428844,11.113145,0.2466666666666666,0.304,0.69428844,0.565012848682329,41.13269244031325,Moderate Risk,43.2564906,118.9759212
China,Guiyang,2016,37,63,6.9428844,11.113145,0.2466666666666666,0.252,0.69428844,0.565012848682329,40.09269244031325,Moderate Risk,26.5878031,106.7086936
China,Guoluo,2016,37,72,6.9428844,11.113145,0.2466666666666666,0.288,0.69428844,0.565012848682329,40.81269244031325,Moderate Risk,34.1417533,99.5011203
China,Mudanjiang,2016,37,68,6.9428844,11.113145,0.2466666666666666,0.272,0.69428844,0.565012848682329,40.49269244031325,Moderate Risk,44.5790216,129.6113766
China,Qinzhou,2016,37,79,6.9428844,11.113145,0.2466666666666666,0.316,0.69428844,0.565012848682329,41.37269244031325,Moderate Risk,34.5797531,105.7062921
China,Zhaoqing,2016,37,55,6.9428844,11.113145,0.2466666666666666,0.22,0.69428844,0.565012848682329,39.45269244031325,Moderate Risk,23.0501661,112.4603629
Iran,Lavan Island,2016,37,85,7.6919622,1.3443363,0.2466666666666666,0.34,0.76919622,0.9474750457335096,51.00009198133686,High Risk,26.8102234,53.354309
Iran,Sari,2012,37,90,7.5503836,1.2841341,0.2466666666666666,0.36,0.75503836,0.9498320440519756,51.16407474770619,High Risk,36.5537458,53.0602761
China,Dingxi,2016,36,75,6.9428844,11.113145,0.24,0.3,0.69428844,0.565012848682329,40.786025773646585,Moderate Risk,35.5810207,104.6229826
China,Guangzhou,2016,36,56,6.9428844,11.113145,0.24,0.224,0.69428844,0.565012848682329,39.26602577364658,Moderate Risk,23.1288454,113.2590064
China,Nanning,2016,36,62,6.9428844,11.113145,0.24,0.248,0.69428844,0.565012848682329,39.746025773646586,Moderate Risk,22.8157737,108.318024
China,Qingyuan,2016,36,52,6.9428844,11.113145,0.24,0.208,0.69428844,0.565012848682329,38.94602577364659,Moderate Risk,23.6832984,113.0505994
China,Qiqihar,2016,36,61,6.9428844,11.113145,0.24,0.244,0.69428844,0.565012848682329,39.66602577364659,Moderate Risk,47.3392424,123.9495373
China,"Taizhou, Zhejiang",2016,36,77,6.9428844,11.113145,0.24,0.308,0.69428844,0.565012848682329,40.94602577364659,Moderate Risk,28.6581723,121.4163876
Colombia,Medellin,2015,36,60,1.9379755,25.544643,0.24,0.24,0.19379755,0.0,18.275951000000003,Low Risk,6.2697325,-75.6025597
Iran,Varamin,2016,36,83,7.6919622,1.3443363,0.24,0.332,0.76919622,0.9474750457335096,50.5734253146702,High Risk,35.3283255,51.6460307
Iran,Yazd,2016,36,83,7.6919622,1.3443363,0.24,0.332,0.76919622,0.9474750457335096,50.5734253146702,High Risk,32.0406164,54.6657189
Mexico,Monterrey,2011,36,86,4.1937428,5.6022654,0.24,0.344,0.41937428,0.7807713085138264,40.48291177027653,Moderate Risk,25.6802019,-100.315258
Pakistan,Faisalabad,2013,36,148,0.7020431,10.559191,0.24,0.592,0.07020431,0.5867009040442166,34.57810428088434,Moderate Risk,31.4220558,73.0923253
Chile,"El Bosque, Chile",2016,35,67,4.6121125,19.341196,0.2333333333333333,0.268,0.46121125,0.2428734190393712,28.775026714120767,Moderate Risk,-33.5561468,-70.6655679
Chile,Temuco,2016,35,52,4.6121125,19.341196,0.2333333333333333,0.208,0.46121125,0.2428734190393712,27.575026714120764,Moderate Risk,-38.7358908,-72.590538
China,Dongguan,2016,35,49,6.9428844,11.113145,0.2333333333333333,0.196,0.69428844,0.565012848682329,38.43935910697992,Moderate Risk,23.0183568,113.7452332
China,Songyuan,2016,35,69,6.9428844,11.113145,0.2333333333333333,0.276,0.69428844,0.565012848682329,40.03935910697992,Moderate Risk,45.1386775,124.8170805
China,Weihai,2016,35,63,6.9428844,11.113145,0.2333333333333333,0.252,0.69428844,0.565012848682329,39.55935910697992,Moderate Risk,37.5120997,122.1152599
India,Thiruvananthapuram,2016,35,48,1.7504745,6.369765,0.2333333333333333,0.192,0.17504745,0.7507226513779872,31.688735360893084,Moderate Risk,8.4882267,76.947551
Iran,Ghom,2016,35,81,7.6919622,1.3443363,0.2333333333333333,0.324,0.76919622,0.9474750457335096,50.146758648003534,High Risk,34.6422939,50.8801184
China,Hechi,2016,34,55,6.9428844,11.113145,0.2266666666666666,0.22,0.69428844,0.565012848682329,38.65269244031325,Moderate Risk,24.7169004,107.8857367
China,Jiangmen,2016,34,55,6.9428844,11.113145,0.2266666666666666,0.22,0.69428844,0.565012848682329,38.65269244031325,Moderate Risk,22.5816619,113.0761073
China,Nantou,2014,34,51,7.187588,9.689675,0.2266666666666666,0.204,0.7187588,0.6207436425135608,39.93671551693789,Moderate Risk,22.7205471,113.2863511
China,Shuangyashan,2016,34,55,6.9428844,11.113145,0.2266666666666666,0.22,0.69428844,0.565012848682329,38.65269244031325,Moderate Risk,46.6738195,131.1331152
China,Yunfu,2016,34,51,6.9428844,11.113145,0.2266666666666666,0.204,0.69428844,0.565012848682329,38.33269244031325,Moderate Risk,22.8546663,111.8078586
India,Vizag,2016,34,76,1.7504745,6.369765,0.2266666666666666,0.304,0.17504745,0.7507226513779872,33.66206869422641,Moderate Risk,17.6935526,83.2921297
Philippines,Malabon,2015,34,73,1.0544406,14.374724,0.2266666666666666,0.292,0.1054440599999999,0.4373175781017931,25.76189942870253,Moderate Risk,14.6578504,120.9511261
Philippines,Pasig,2016,34,73,1.1262923,13.798237,0.2266666666666666,0.292,0.11262923,0.4598878311758905,26.35700789018448,Moderate Risk,14.5605166,121.0764343
South Africa,Vereeniging,2014,34,58,8.663356,0.81018883,0.2266666666666666,0.232,0.8663356,0.9683876484058836,50.401131634784335,High Risk,-26.6747222,27.9261111
Chile,Cerro Navia,2016,33,62,4.6121125,19.341196,0.22,0.248,0.46121125,0.2428734190393712,27.841693380787422,Moderate Risk,-33.4252778,-70.7461548
Chile,Los Ángeles,2016,33,57,4.6121125,19.341196,0.22,0.228,0.46121125,0.2428734190393712,27.441693380787424,Moderate Risk,-37.4707455,-72.351686
China,Chaozhou,2016,33,51,6.9428844,11.113145,0.22,0.204,0.69428844,0.565012848682329,38.06602577364659,Moderate Risk,23.656593,116.6204223
China,Jiayuguan,2016,33,98,6.9428844,11.113145,0.22,0.392,0.69428844,0.565012848682329,41.826025773646585,Moderate Risk,39.7722294,98.2885388
China,Lishui,2016,33,70,6.9428844,11.113145,0.22,0.28,0.69428844,0.565012848682329,39.58602577364658,Moderate Risk,28.4704064,119.9184297
China,Shaoguan,2016,33,51,6.9428844,11.113145,0.22,0.204,0.69428844,0.565012848682329,38.06602577364659,Moderate Risk,24.8309489,113.8155263
China,Zhangzhou,2016,33,65,6.9428844,11.113145,0.22,0.26,0.69428844,0.565012848682329,39.18602577364658,Moderate Risk,24.2388257,117.4524304
Indonesia,Bandung,2014,33,59,1.9238018,4.707626,0.22,0.236,0.1923801799999999,0.8157976623918125,33.68355684783625,Moderate Risk,-6.9218457,107.6070833
India,Tezpur,2016,33,52,1.7504745,6.369765,0.22,0.208,0.17504745,0.7507226513779872,31.475402027559745,Moderate Risk,26.6169571,92.7650072
Iran,Khorramabad,2016,33,75,7.6919622,1.3443363,0.22,0.3,0.76919622,0.9474750457335096,49.1334253146702,Moderate Risk,33.4842109,48.3538276
Iran,Pakdasht,2016,33,75,7.6919622,1.3443363,0.22,0.3,0.76919622,0.9474750457335096,49.1334253146702,Moderate Risk,35.4784573,51.6824624
Mexico,Toluca,2011,33,80,4.1937428,5.6022654,0.22,0.32,0.41937428,0.7807713085138264,39.20291177027653,Moderate Risk,19.292545,-99.6569007
Poland,Godów,2016,33,43,8.449371,5.877876,0.22,0.172,0.8449370999999999,0.7699807772583014,44.53835754516603,Moderate Risk,50.9666726,21.187721
Poland,Pleszew,2016,33,38,8.449371,5.877876,0.22,0.152,0.8449370999999999,0.7699807772583014,44.13835754516603,Moderate Risk,51.8960985,17.7865673
Chile,Linares,2016,32,65,4.6121125,19.341196,0.2133333333333333,0.26,0.46121125,0.2428734190393712,27.81502671412076,Moderate Risk,-35.8452905,-71.5977173
Chile,Pudahuel,2016,32,69,4.6121125,19.341196,0.2133333333333333,0.276,0.46121125,0.2428734190393712,28.13502671412076,Moderate Risk,-33.4193729,-70.8633561
China,Changhua,2014,32,48,7.187588,9.689675,0.2133333333333333,0.192,0.7187588,0.6207436425135608,39.16338218360456,Moderate Risk,30.1658896,119.212585
China,Haibei,2016,32,76,6.9428844,11.113145,0.2133333333333333,0.304,0.69428844,0.565012848682329,39.79935910697992,Moderate Risk,37.7191885,100.456559
China,Heyuan,2016,32,46,6.9428844,11.113145,0.2133333333333333,0.184,0.69428844,0.565012848682329,37.39935910697992,Moderate Risk,24.1014769,115.0577538
China,Jinchang,2016,32,104,6.9428844,11.113145,0.2133333333333333,0.416,0.69428844,0.565012848682329,42.03935910697992,Moderate Risk,38.5206719,102.185973
Taiwan,Kinmen,2014,32,48,11.799141,1.687575,0.2133333333333333,0.192,1.0,0.934036782036628,51.0540689740659,High Risk,24.4480637,118.3856331
China,Panzhihua,2016,32,65,6.9428844,11.113145,0.2133333333333333,0.26,0.69428844,0.565012848682329,38.919359106979925,Moderate Risk,26.5860102,101.7179276
China,Qujing,2014,32,48,7.187588,9.689675,0.2133333333333333,0.192,0.7187588,0.6207436425135608,39.16338218360456,Moderate Risk,25.4936418,103.7943084
China,Zhangjiakou,2016,32,68,6.9428844,11.113145,0.2133333333333333,0.272,0.69428844,0.565012848682329,39.15935910697992,Moderate Risk,40.8171433,114.8782861
Iran,Abadan,2016,32,74,7.6919622,1.3443363,0.2133333333333333,0.296,0.76919622,0.9474750457335096,48.78675864800353,Moderate Risk,30.3636097,48.2591475
Iran,Asadabad,2016,32,73,7.6919622,1.3443363,0.2133333333333333,0.292,0.76919622,0.9474750457335096,48.706758648003536,Moderate Risk,34.7825885,48.1217832
Iran,Eslamshahr,2016,32,73,7.6919622,1.3443363,0.2133333333333333,0.292,0.76919622,0.9474750457335096,48.706758648003536,Moderate Risk,35.5478513,51.2318676
Iran,Kermanshah,2016,32,73,7.6919622,1.3443363,0.2133333333333333,0.292,0.76919622,0.9474750457335096,48.706758648003536,Moderate Risk,34.3789744,46.7010122
Philippines,Caloocan,2015,32,68,1.0544406,14.374724,0.2133333333333333,0.272,0.1054440599999999,0.4373175781017931,24.8285660953692,Low Risk,14.651348,120.9724002
Philippines,Pateros,2015,32,68,1.0544406,14.374724,0.2133333333333333,0.272,0.1054440599999999,0.4373175781017931,24.8285660953692,Low Risk,14.5447555,121.067134
Poland,Gliwice,2016,32,46,8.449371,5.877876,0.2133333333333333,0.184,0.8449370999999999,0.7699807772583014,44.51169087849936,Moderate Risk,50.3011315,18.6623472
Turkey,Sakarya,2016,32,60,4.9668326,13.98593,0.2133333333333333,0.24,0.49668326,0.45253939398609,32.31778641305514,Moderate Risk,40.7731834,30.481606
Chile,Cerrillos,2016,31,66,4.6121125,19.341196,0.2066666666666666,0.264,0.46121125,0.2428734190393712,27.62836004745409,Moderate Risk,-33.5023396,-70.7158417
China,Hainan,2016,31,69,6.9428844,11.113145,0.2066666666666666,0.276,0.69428844,0.565012848682329,38.97269244031325,Moderate Risk,19.2000001,109.5999999
China,Yanbian,2016,31,49,6.9428844,11.113145,0.2066666666666666,0.196,0.69428844,0.565012848682329,37.37269244031325,Moderate Risk,43.1,129.2
China,Yangjiang,2016,31,44,6.9428844,11.113145,0.2066666666666666,0.176,0.69428844,0.565012848682329,36.972692440313246,Moderate Risk,22.0958223,111.7831393
China,Yunlin,2014,31,46,7.187588,9.689675,0.2066666666666666,0.184,0.7187588,0.6207436425135608,38.736715516937885,Moderate Risk,41.7087784,124.8226338
Iran,Arak,2016,31,71,7.6919622,1.3443363,0.2066666666666666,0.284,0.76919622,0.9474750457335096,48.28009198133686,Moderate Risk,34.0862719,49.6893884
Iran,Esfahan,2014,31,72,7.9044347,1.3490136,0.2066666666666666,0.288,0.79044347,0.9472919230530268,48.78137452772721,Moderate Risk,32.6707877,51.6650002
Iran,Nazarabad,2016,31,71,7.6919622,1.3443363,0.2066666666666666,0.284,0.76919622,0.9474750457335096,48.28009198133686,Moderate Risk,35.9558897,50.6097443
Philippines,Marikina,2016,31,66,1.1262923,13.798237,0.2066666666666666,0.264,0.11262923,0.4598878311758905,24.99700789018448,Low Risk,14.6331084,121.0993541
Poland,Kraków,2016,31,42,8.449371,5.877876,0.2066666666666666,0.168,0.8449370999999999,0.7699807772583014,43.9250242118327,Moderate Risk,50.0469432,19.9971534
Poland,Nowy Sącz,2016,31,41,8.449371,5.877876,0.2066666666666666,0.164,0.8449370999999999,0.7699807772583014,43.84502421183269,Moderate Risk,49.610304,20.7149366
Turkey,Edirne,2016,31,55,4.9668326,13.98593,0.2066666666666666,0.22,0.49668326,0.45253939398609,31.651119746388467,Moderate Risk,41.6759327,26.5587225
South Africa,Mpumalanga,2013,31,61,8.343052,0.39710414,0.2066666666666666,0.244,0.8343052,0.9845604779655008,49.523980225976686,Moderate Risk,-26.276849,30.1500153
South Africa,Sebokeng,2014,31,42,8.663356,0.81018883,0.2066666666666666,0.168,0.8663356,0.9683876484058836,48.32113163478434,Moderate Risk,-26.560278,27.8625
Chile,Quilicura,2015,30,89,4.5312576,21.000135,0.2,0.356,0.45312576,0.1779236923942083,27.740989047884167,Moderate Risk,-33.3600426,-70.7118564
China,Bijie,2016,30,44,6.9428844,11.113145,0.2,0.176,0.69428844,0.565012848682329,36.70602577364659,Moderate Risk,27.2150032,105.215166
Taiwan,Kaohsiung,2014,30,46,11.799141,1.687575,0.2,0.184,1.0,0.934036782036628,50.36073564073257,High Risk,22.6203348,120.3120375
China,Karamay,2016,30,55,6.9428844,11.113145,0.2,0.22,0.69428844,0.565012848682329,37.58602577364659,Moderate Risk,45.5778068,84.8867252
China,Maoming,2016,30,47,6.9428844,11.113145,0.2,0.188,0.69428844,0.565012848682329,36.94602577364658,Moderate Risk,21.6656961,110.9209511
China,Shantou,2016,30,48,6.9428844,11.113145,0.2,0.192,0.69428844,0.565012848682329,37.02602577364659,Moderate Risk,23.3563921,116.6775856
China,Yuxi,2014,30,46,7.187588,9.689675,0.2,0.184,0.7187588,0.6207436425135608,38.47004885027122,Moderate Risk,24.3511487,102.527044
China,Zhongshan,2016,30,44,6.9428844,11.113145,0.2,0.176,0.69428844,0.565012848682329,36.70602577364659,Moderate Risk,22.5197073,113.3872302
Colombia,Caldas,2015,30,69,1.9379755,25.544643,0.2,0.276,0.19379755,0.0,17.395951,Low Risk,5.3302514,-75.2873471
Croatia,Velika Gorica,2016,30,46,4.370736,22.794458,0.2,0.184,0.4370736,0.1076734973218589,22.57494194643718,Low Risk,45.7155672,16.0717164
Iran,Isfahan,2016,30,68,7.6919622,1.3443363,0.2,0.272,0.76919622,0.9474750457335096,47.77342531467019,Moderate Risk,32.6707877,51.6650002
Iran,Karaj,2016,30,68,7.6919622,1.3443363,0.2,0.272,0.76919622,0.9474750457335096,47.77342531467019,Moderate Risk,35.8224892,50.9904681
Iran,Mashhad,2016,30,69,7.6919622,1.3443363,0.2,0.276,0.76919622,0.9474750457335096,47.8534253146702,Moderate Risk,36.2974945,59.6059232
Italy,Padova,2016,30,37,5.9216995,16.411886,0.2,0.148,0.59216995,0.3575599046539369,29.95459709307874,Moderate Risk,45.391408,11.8058487
Poland,Katowice,2016,30,41,8.449371,5.877876,0.2,0.164,0.8449370999999999,0.7699807772583014,43.57835754516603,Moderate Risk,50.2137315,19.0058848
Turkey,Corum,2016,30,64,4.9668326,13.98593,0.2,0.256,0.49668326,0.45253939398609,32.1044530797218,Moderate Risk,40.5499106,34.9537344
South Africa,Zamdela,2014,30,56,8.663356,0.81018883,0.2,0.224,0.8663356,0.9683876484058836,49.17446496811767,Moderate Risk,-26.8427778,27.8569444
Bulgaria,Pernik,2014,29,44,6.253115,9.633595,0.1933333333333333,0.176,0.6253115,0.6229392510743703,36.21834835482074,Moderate Risk,42.628442,22.8823119
Bulgaria,Plovdiv,2015,29,41,6.7052627,10.786984,0.1933333333333333,0.164,0.67052627,0.5777824971096147,35.97950867552563,Moderate Risk,42.1418541,24.7499297
Chile,Independencia,2016,29,62,4.6121125,19.341196,0.1933333333333333,0.248,0.46121125,0.2428734190393712,26.775026714120763,Moderate Risk,-33.422295,-70.6554648
Chile,La Florida,2016,29,65,4.6121125,19.341196,0.1933333333333333,0.26,0.46121125,0.2428734190393712,27.01502671412076,Moderate Risk,-33.5204181,-70.6006178
Chile,Santiago,2016,29,67,4.6121125,19.341196,0.1933333333333333,0.268,0.46121125,0.2428734190393712,27.175026714120765,Moderate Risk,-33.4376995,-70.6510671
China,Fangchenggang,2016,29,45,6.9428844,11.113145,0.1933333333333333,0.18,0.69428844,0.565012848682329,36.51935910697992,Moderate Risk,21.7023451,108.3590243
China,Putian,2016,29,43,6.9428844,11.113145,0.1933333333333333,0.172,0.69428844,0.565012848682329,36.35935910697992,Moderate Risk,25.4965882,118.8500963
Taiwan,Taichung,2014,29,44,11.799141,1.687575,0.1933333333333333,0.176,1.0,0.934036782036628,49.934068974065895,Moderate Risk,24.163162,120.6478282
Taiwan,Tainan,2014,29,44,11.799141,1.687575,0.1933333333333333,0.176,1.0,0.934036782036628,49.934068974065895,Moderate Risk,22.9912348,120.184982
Iran,Najafabad,2016,29,67,7.6919622,1.3443363,0.1933333333333333,0.268,0.76919622,0.9474750457335096,47.42675864800353,Moderate Risk,32.6350743,51.3636804
Iran,Yasuj,2016,29,66,7.6919622,1.3443363,0.1933333333333333,0.264,0.76919622,0.9474750457335096,47.34675864800353,Moderate Risk,30.6681785,51.581916
Israel,Gvar'am,2015,29,69,7.815259,1.2694155,0.1933333333333333,0.276,0.7815259,0.9504082973359116,47.89201728005156,Moderate Risk,31.5909454,34.6115031
Italy,Casirate d'Adda,2013,29,37,6.0912943,16.959805,0.1933333333333333,0.148,0.6091294300000001,0.3361081277810737,29.59808448895481,Moderate Risk,45.4941243,9.5678078
Italy,Monza,2016,29,35,5.9216995,16.411886,0.1933333333333333,0.14,0.59216995,0.3575599046539369,29.527930426412077,Moderate Risk,45.6395418,9.2788304
Morocco,Meknes,2008,29,47,1.6253583,1.7804509,0.1933333333333333,0.188,0.16253583,0.9304005637567976,33.35206120846929,Moderate Risk,33.8984131,-5.5321582
Philippines,Manila,2016,29,118,1.1262923,13.798237,0.1933333333333333,0.472,0.11262923,0.4598878311758905,28.623674556851142,Moderate Risk,14.5904492,120.9803621
Poland,Bochnia,2016,29,35,8.449371,5.877876,0.1933333333333333,0.14,0.8449370999999999,0.7699807772583014,42.83169087849936,Moderate Risk,49.9693563,20.430541
Poland,Piotrków Trybunalski,2016,29,38,8.449371,5.877876,0.1933333333333333,0.152,0.8449370999999999,0.7699807772583014,43.07169087849936,Moderate Risk,51.4082625,19.696167
Poland,Żory,2016,29,42,8.449371,5.877876,0.1933333333333333,0.168,0.8449370999999999,0.7699807772583014,43.39169087849936,Moderate Risk,50.0388902,18.6806124
Chile,Curico,2016,28,47,4.6121125,19.341196,0.1866666666666666,0.188,0.46121125,0.2428734190393712,25.30836004745409,Moderate Risk,-34.985368,-71.2393705
Chile,Rancagua,2016,28,68,4.6121125,19.341196,0.1866666666666666,0.272,0.46121125,0.2428734190393712,26.988360047454098,Moderate Risk,-34.1702433,-70.740718
China,Eerduosi,2014,28,42,7.187588,9.689675,0.1866666666666666,0.168,0.7187588,0.6207436425135608,37.61671551693789,Moderate Risk,39.0831752,107.9761662
China,Guangyuan,2016,28,70,6.9428844,11.113145,0.1866666666666666,0.28,0.69428844,0.565012848682329,38.25269244031325,Moderate Risk,32.2685578,105.8395358
China,Huangshan,2016,28,45,6.9428844,11.113145,0.1866666666666666,0.18,0.69428844,0.565012848682329,36.25269244031325,Moderate Risk,29.7172627,118.3324811
China,Jixi,2016,28,53,6.9428844,11.113145,0.1866666666666666,0.212,0.69428844,0.565012848682329,36.892692440313255,Moderate Risk,45.2928513,130.9619259
China,Kunming,2016,28,55,6.9428844,11.113145,0.1866666666666666,0.22,0.69428844,0.565012848682329,37.05269244031325,Moderate Risk,25.0399353,102.7169061
China,Lincang,2016,28,44,6.9428844,11.113145,0.1866666666666666,0.176,0.69428844,0.565012848682329,36.17269244031325,Moderate Risk,23.88848,100.0879344
China,Meizhou,2016,28,46,6.9428844,11.113145,0.1866666666666666,0.184,0.69428844,0.565012848682329,36.33269244031325,Moderate Risk,24.2918414,116.1171428
China,Qiandongnan,2016,28,45,6.9428844,11.113145,0.1866666666666666,0.18,0.69428844,0.565012848682329,36.25269244031325,Moderate Risk,26.5870883,107.978748
China,Quanzhou,2016,28,48,6.9428844,11.113145,0.1866666666666666,0.192,0.69428844,0.565012848682329,36.49269244031325,Moderate Risk,25.1901863,118.338717
China,Xiamen,2016,28,47,6.9428844,11.113145,0.1866666666666666,0.188,0.69428844,0.565012848682329,36.41269244031326,Moderate Risk,24.4801069,118.0853479
Iran,Bojnord,2016,28,64,7.6919622,1.3443363,0.1866666666666666,0.256,0.76919622,0.9474750457335096,46.92009198133687,Moderate Risk,37.4759752,57.3319881
Iran,Khomeyni Shahr,2016,28,64,7.6919622,1.3443363,0.1866666666666666,0.256,0.76919622,0.9474750457335096,46.92009198133687,Moderate Risk,32.6938201,51.5254892
Iran,Mobarakeh,2016,28,65,7.6919622,1.3443363,0.1866666666666666,0.26,0.76919622,0.9474750457335096,47.00009198133687,Moderate Risk,32.3424135,51.5046633
Iran,Robatkarim,2016,28,63,7.6919622,1.3443363,0.1866666666666666,0.252,0.76919622,0.9474750457335096,46.84009198133686,Moderate Risk,35.6603901,51.3855929
Iran,Sanandaj,2016,28,64,7.6919622,1.3443363,0.1866666666666666,0.256,0.76919622,0.9474750457335096,46.92009198133687,Moderate Risk,35.3126047,46.9978639
Iran,Tehran,2016,28,72,7.6919622,1.3443363,0.1866666666666666,0.288,0.76919622,0.9474750457335096,47.56009198133686,Moderate Risk,35.6892523,51.3896004
Israel,Jerusalem,2015,28,66,7.815259,1.2694155,0.1866666666666666,0.264,0.7815259,0.9504082973359116,47.385350613384894,Moderate Risk,31.7788472,35.2257856
Italy,Soresina,2016,28,39,5.9216995,16.411886,0.1866666666666666,0.156,0.59216995,0.3575599046539369,29.5812637597454,Moderate Risk,45.2871222,9.8570508
Poland,Bielsko-Biała,2016,28,36,8.449371,5.877876,0.1866666666666666,0.144,0.8449370999999999,0.7699807772583014,42.6450242118327,Moderate Risk,49.8120785,19.0291988
Poland,Tarnowskie Góry,2016,28,38,8.449371,5.877876,0.1866666666666666,0.152,0.8449370999999999,0.7699807772583014,42.805024211832695,Moderate Risk,50.4445194,18.8554757
Thailand,Bangkok,2015,28,41,3.9282057,4.201601,0.1866666666666666,0.164,0.39282057,0.835609231970693,35.31526270608053,Moderate Risk,13.7524938,100.4935089
Bulgaria,Ruse,2015,27,41,6.7052627,10.786984,0.18,0.164,0.67052627,0.5777824971096147,35.4461753421923,Moderate Risk,43.8480413,25.9542057
Chile,Puerto Montt,2016,27,55,4.6121125,19.341196,0.18,0.22,0.46121125,0.2428734190393712,25.68169338078743,Moderate Risk,-41.471798,-72.9395915
China,Anshun,2016,27,38,6.9428844,11.113145,0.18,0.152,0.69428844,0.565012848682329,35.42602577364658,Moderate Risk,26.254911,105.9437773
China,Fuzhou,2016,27,50,6.9428844,11.113145,0.18,0.2,0.69428844,0.565012848682329,36.38602577364659,Moderate Risk,26.0774954,119.2918215
China,Haixi,2016,27,65,6.9428844,11.113145,0.18,0.26,0.69428844,0.565012848682329,37.58602577364658,Moderate Risk,37.0824853,95.4597216
China,Huizhou,2016,27,45,6.9428844,11.113145,0.18,0.18,0.69428844,0.565012848682329,35.98602577364658,Moderate Risk,23.1125153,114.4127007
China,Ningde,2016,27,46,6.9428844,11.113145,0.18,0.184,0.69428844,0.565012848682329,36.06602577364658,Moderate Risk,27.0143281,119.4385501
China,Shenzhen,2016,27,42,6.9428844,11.113145,0.18,0.168,0.69428844,0.565012848682329,35.746025773646586,Moderate Risk,22.5445741,114.0545429
India,Aizawl,2016,27,44,1.7504745,6.369765,0.18,0.176,0.17504745,0.7507226513779872,29.235402027559743,Moderate Risk,23.7277631,92.7179947
Iran,Hamadan,2016,27,61,7.6919622,1.3443363,0.18,0.244,0.76919622,0.9474750457335096,46.4134253146702,Moderate Risk,34.9726302,48.6563818
Iran,Pol-e Dokhtar,2016,27,62,7.6919622,1.3443363,0.18,0.248,0.76919622,0.9474750457335096,46.4934253146702,Moderate Risk,33.1524187,47.7117493
Israel,Bnei Brak,2015,27,65,7.815259,1.2694155,0.18,0.26,0.7815259,0.9504082973359116,47.03868394671824,Moderate Risk,32.0873899,34.8324376
Italy,Cassino,2016,27,35,5.9216995,16.411886,0.18,0.14,0.59216995,0.3575599046539369,28.99459709307874,Moderate Risk,41.4925576,13.8305297
Italy,Dalmine,2016,27,31,5.9216995,16.411886,0.18,0.124,0.59216995,0.3575599046539369,28.67459709307873,Moderate Risk,45.6472193,9.6019202
Italy,Milan,2016,27,36,5.9216995,16.411886,0.18,0.144,0.59216995,0.3575599046539369,29.074597093078737,Moderate Risk,45.4641943,9.1896346
Poland,Chełm,2015,27,35,8.167728,6.386764,0.18,0.14,0.8167728000000001,0.7500571173208331,41.336598346416665,Moderate Risk,51.1355882,23.4939364
Poland,Kalisz,2016,27,33,8.449371,5.877876,0.18,0.132,0.8449370999999999,0.7699807772583014,42.13835754516603,Moderate Risk,51.7624752,18.0895358
Poland,Kędzierzyn-Koźle,2016,27,32,8.449371,5.877876,0.18,0.128,0.8449370999999999,0.7699807772583014,42.05835754516603,Moderate Risk,50.345463,18.2447945
Poland,Lublin,2016,27,31,8.449371,5.877876,0.18,0.124,0.8449370999999999,0.7699807772583014,41.97835754516603,Moderate Risk,51.250559,22.5701022
Poland,Siedlce,2016,27,29,8.449371,5.877876,0.18,0.116,0.8449370999999999,0.7699807772583014,41.81835754516603,Moderate Risk,52.1663751,22.2765138
Poland,Trzebinia,2016,27,35,8.449371,5.877876,0.18,0.14,0.8449370999999999,0.7699807772583014,42.29835754516603,Moderate Risk,50.1597686,19.4709097
Turkey,Sivas,2016,27,56,4.9668326,13.98593,0.18,0.224,0.49668326,0.45253939398609,30.6644530797218,Moderate Risk,39.4191717,37.1012388
